RAT, version 2.3.0
Status messages enabled: info detail 
Hostname: 0000012812 PID: 17524
Seeding random number generator: 599922709
DB: Loading /home/ph1lse/BUTTON-RAT2/ratdb/BONSAI.ratdb ... Success!
DB: Loading /home/ph1lse/ratpac-setup/ratpac/ratdb/AFTERPULSEProc.ratdb ... Success!
DB: Loading /home/ph1lse/ratpac-setup/ratpac/ratdb/BNL_WLS_MODEL.ratdb ... Success!
DB: Loading /home/ph1lse/ratpac-setup/ratpac/ratdb/CHANNEL_STATUS_DEFAULTS.ratdb ... Success!
DB: Loading /home/ph1lse/ratpac-setup/ratpac/ratdb/CRY.ratdb ... Success!
DB: Loading /home/ph1lse/ratpac-setup/ratpac/ratdb/DAQ.ratdb ... Success!
DB: Loading /home/ph1lse/ratpac-setup/ratpac/ratdb/DETECTOR.ratdb ... Success!
DB: Loading /home/ph1lse/ratpac-setup/ratpac/ratdb/DICEBOX158GD.ratdb ... Success!
DB: Loading /home/ph1lse/ratpac-setup/ratpac/ratdb/DIGITIZER.ratdb ... Success!
DB: Loading /home/ph1lse/ratpac-setup/ratpac/ratdb/DIGITIZER_ANALYSIS.ratdb ... Success!
DB: Loading /home/ph1lse/ratpac-setup/ratpac/ratdb/Decay0.ratdb ... Success!
DB: Loading /home/ph1lse/ratpac-setup/ratpac/ratdb/Decay0Backg.ratdb ... Success!
DB: Loading /home/ph1lse/ratpac-setup/ratpac/ratdb/ELEMENTS.ratdb ... Success!
DB: Loading /home/ph1lse/ratpac-setup/ratpac/ratdb/ESCrossSection.ratdb ... Success!
DB: Loading /home/ph1lse/ratpac-setup/ratpac/ratdb/FITTER.ratdb ... Success!
DB: Loading /home/ph1lse/ratpac-setup/ratpac/ratdb/FIT_QUAD.ratdb ... Success!
DB: Loading /home/ph1lse/ratpac-setup/ratpac/ratdb/FTP.ratdb ... Success!
DB: Loading /home/ph1lse/ratpac-setup/ratpac/ratdb/IBD.ratdb ... Success!
DB: Loading /home/ph1lse/ratpac-setup/ratpac/ratdb/IO.ratdb ... Success!
DB: Loading /home/ph1lse/ratpac-setup/ratpac/ratdb/LED.ratdb ... Success!
DB: Loading /home/ph1lse/ratpac-setup/ratpac/ratdb/MATERIALS.ratdb ... Success!
DB: Loading /home/ph1lse/ratpac-setup/ratpac/ratdb/MC.ratdb ... Success!
DB: Loading /home/ph1lse/ratpac-setup/ratpac/ratdb/NOISEProc.ratdb ... Success!
DB: Loading /home/ph1lse/ratpac-setup/ratpac/ratdb/OPTICS.ratdb ... Success!
DB: Loading /home/ph1lse/ratpac-setup/ratpac/ratdb/OPTICS_Dichroic.ratdb ... Success!
DB: Loading /home/ph1lse/ratpac-setup/ratpac/ratdb/OPTICS_Photocathode.ratdb ... Success!
DB: Loading /home/ph1lse/ratpac-setup/ratpac/ratdb/PHOTON_THINNING.ratdb ... Success!
DB: Loading /home/ph1lse/ratpac-setup/ratpac/ratdb/PHYSICS.ratdb ... Success!
DB: Loading /home/ph1lse/ratpac-setup/ratpac/ratdb/PMT.ratdb ... Success!
DB: Loading /home/ph1lse/ratpac-setup/ratpac/ratdb/PMTCHARGE.ratdb ... Success!
DB: Loading /home/ph1lse/ratpac-setup/ratpac/ratdb/PMTPULSES.ratdb ... Success!
DB: Loading /home/ph1lse/ratpac-setup/ratpac/ratdb/PMTTRANSIT.ratdb ... Success!
DB: Loading /home/ph1lse/ratpac-setup/ratpac/ratdb/QUENCHING.ratdb ... Success!
DB: Loading /home/ph1lse/ratpac-setup/ratpac/ratdb/RUN.ratdb ... Success!
DB: Loading /home/ph1lse/ratpac-setup/ratpac/ratdb/SOLAR.ratdb ... Success!
DB: Loading /home/ph1lse/ratpac-setup/ratpac/ratdb/SPECTRUM.ratdb ... Success!
DB: Loading /home/ph1lse/ratpac-setup/ratpac/ratdb/SPECTRUM_SUPERNOVA.ratdb ... Success!
DB: Loading /home/ph1lse/ratpac-setup/ratpac/ratdb/WIMP.ratdb ... Success!
Setting default output file to test.root
Setting default vector file to test.root

**************************************************************
 Geant4 version Name: geant4-11-01-patch-02    (15-June-2023)
                       Copyright : Geant4 Collaboration
                      References : NIM A 506 (2003), 250-303
                                 : IEEE-TNS 53 (2006), 270-278
                                 : NIM A 835 (2016), 186-225
                             WWW : http://geant4.org/
**************************************************************

<<< Geant4 Physics List simulation engine: Shielding
Visualization Manager instantiating with verbosity "warnings (3)"...
Visualization Manager initialising...
Registering graphics systems...

You have successfully registered the following graphics systems.
Registered graphics systems are:
  ASCIITree (ATree)
  DAWNFILE (DAWNFILE)
  G4HepRepFile (HepRepFile)
  RayTracer (RayTracer)
  VRML2FILE (VRML2FILE)
  OpenGLImmediateQt (OGLIQt)
  OpenGLStoredQt (OGLSQt)

Registering model factories...

You have successfully registered the following model factories.
Registered model factories:
  generic
  drawByCharge
  drawByParticleID
  drawByOriginVolume
  drawByAttribute

Registered models:
  watchmodel (Current)

Registered filter factories:
  chargeFilter
  particleFilter
  originVolumeFilter
  attributeFilter

Registered filters:
  None

You have successfully registered the following user vis actions.
Run Duration User Vis Actions: none
End of Event User Vis Actions: none
End of Run User Vis Actions: none

Some /vis commands (optionally) take a string to specify colour.
"/vis/list" to see available colours.
This class is deprecated -- please use WaveformPrep and WaveformAnalysisLogNormal
DB: Setting DETECTOR[] experiment to "BUTTON"
DB: Setting DETECTOR[] geo_file to "BUTTON/button_frame.geo"
DB: Setting GEO[detector_veto1] material to "doped_water"
DB: Setting GEO[detector_target_gb] material to "doped_water"
DB: Setting GEO[detector_target_fv] material to "doped_water"
DB: Setting BONSAI[] likelihoodFileName to "/models/bonsai/gd-water.bin"
DB: Setting BONSAI[] useCherenkovAngle to 1
DB: Setting BONSAI[] nXmin to -3.0
DB: Setting BONSAI[] nXmax to 6.0
DB: Setting BONSAI[] mediaSpeedOfLight to 21.8
Loading experiment-specific RATDB files for: BUTTON
DB: Loading /home/ph1lse/BUTTON-RAT2/ratdb/BUTTON/FRAMEMODULESSINFO.ratdb ... Success!
DB: Loading /home/ph1lse/BUTTON-RAT2/ratdb/BUTTON/FRAMEUPRIGHTSINFO.ratdb ... Success!
DB: Loading /home/ph1lse/BUTTON-RAT2/ratdb/BUTTON/MATERIALS.ratdb ... DB: Replacing default MATERIAL[cryostat_vacuum] in database.

DB: Replacing default MATERIAL[air] in database.

DB: Replacing default MATERIAL[water] in database.

DB: Replacing default MATERIAL[aluminum] in database.

DB: Replacing default MATERIAL[copper] in database.

DB: Replacing default MATERIAL[steel] in database.

DB: Replacing default MATERIAL[stainless_steel] in database.

DB: Replacing default MATERIAL[stainless_steel_316L] in database.

DB: Replacing default MATERIAL[rock] in database.

DB: Replacing default MATERIAL[SNOnorite] in database.

DB: Replacing default MATERIAL[lead] in database.

DB: Replacing default MATERIAL[tungsten] in database.

DB: Replacing default MATERIAL[tungsten_alloy] in database.

DB: Replacing default MATERIAL[cardboard] in database.

DB: Replacing default MATERIAL[kevlar] in database.

DB: Replacing default MATERIAL[AR_coating] in database.

DB: Replacing default MATERIAL[ZnO2] in database.

DB: Replacing default MATERIAL[TiO2] in database.

DB: Replacing default MATERIAL[optical_grease] in database.

DB: Replacing default MATERIAL[finemet] in database.

DB: Replacing default MATERIAL[sapphire] in database.

DB: Replacing default MATERIAL[quartz] in database.

DB: Replacing default MATERIAL[glass] in database.

DB: Replacing default MATERIAL[mirror] in database.

DB: Replacing default MATERIAL[photocathode] in database.

DB: Replacing default MATERIAL[photocathode_ETEL] in database.

DB: Replacing default MATERIAL[photocathode_R5912_HQE] in database.

DB: Replacing default MATERIAL[photocathode_R11065] in database.

DB: Replacing default MATERIAL[photocathode_R1408] in database.

DB: Replacing default MATERIAL[photocathode_R11780] in database.

DB: Replacing default MATERIAL[photocathode_R7081_hqe] in database.

DB: Replacing default MATERIAL[photocathode_R7081HQE] in database.

DB: Replacing default MATERIAL[photocathode_R3600] in database.

DB: Replacing default MATERIAL[photocathode_et9390b] in database.

DB: Replacing default MATERIAL[pmt_vacuum] in database.

DB: Replacing default MATERIAL[borosilicate_glass] in database.

DB: Replacing default MATERIAL[hamamatsu_borosilicate_glass] in database.

DB: Replacing default MATERIAL[MgF2] in database.

DB: Replacing default MATERIAL[mineral_oil] in database.

DB: Replacing default MATERIAL[scintillator] in database.

DB: Replacing default MATERIAL[pseudocumene] in database.

DB: Replacing default MATERIAL[dodecane] in database.

DB: Replacing default MATERIAL[ppo] in database.

DB: Replacing default MATERIAL[gd_scintillator] in database.

DB: Replacing default MATERIAL[ptfe] in database.

DB: Replacing default MATERIAL[lightcone] in database.

DB: Replacing default MATERIAL[ptfe_fabric] in database.

DB: Replacing default MATERIAL[acrylic_black] in database.

DB: Replacing default MATERIAL[acrylic_white] in database.

DB: Replacing default MATERIAL[acrylic_uvt] in database.

DB: Replacing default MATERIAL[acrylic_uvt_good] in database.

DB: Replacing default MATERIAL[acrylic_polycast] in database.

DB: Replacing default MATERIAL[acrylic_suvt] in database.

DB: Replacing default MATERIAL[acrylic_uva_McMaster] in database.

DB: Replacing default MATERIAL[acrylic_uvt_RPT] in database.

DB: Replacing default MATERIAL[acrylic_rpt] in database.

DB: Replacing default MATERIAL[acrylic_SpartechSheet] in database.

DB: Replacing default MATERIAL[nylon] in database.

DB: Replacing default MATERIAL[tyvek] in database.

DB: Replacing default MATERIAL[polystyrene_foam] in database.

DB: Replacing default MATERIAL[polypropylene] in database.

DB: Replacing default MATERIAL[styrofoam] in database.

DB: Replacing default MATERIAL[delrin] in database.

DB: Replacing default MATERIAL[pet] in database.

DB: Replacing default MATERIAL[pen] in database.

DB: Replacing default MATERIAL[vikuiti_esr] in database.

DB: Replacing default MATERIAL[pvc] in database.

DB: Replacing default MATERIAL[eljen_WLSP] in database.

DB: Replacing default MATERIAL[gunite] in database.

DB: Replacing default MATERIAL[concrete] in database.

DB: Replacing default MATERIAL[concrete_chess] in database.

DB: Replacing default MATERIAL[concrete_mcnp] in database.

DB: Replacing default MATERIAL[concrete_kaplan] in database.

DB: Replacing default MATERIAL[liquid_He] in database.

DB: Replacing default MATERIAL[liquid_Ne] in database.

DB: Replacing default MATERIAL[liquid_Ar] in database.

DB: Replacing default MATERIAL[liquid_Xe] in database.

DB: Replacing default MATERIAL[dead_liquid_He] in database.

DB: Replacing default MATERIAL[dead_liquid_Ne] in database.

DB: Replacing default MATERIAL[dead_liquid_Ar] in database.

DB: Replacing default MATERIAL[dead_liquid_Xe] in database.

DB: Replacing default MATERIAL[NaI] in database.

DB: Replacing default MATERIAL[salt_water] in database.

DB: Replacing default MATERIAL[Prelude] in database.

Success!
DB: Loading /home/ph1lse/BUTTON-RAT2/ratdb/BUTTON/MATERIALS_Watchman.ratdb ... DB: Replacing default MATERIAL[photocathode_R7081HQE] in database.

DB: Replacing default MATERIAL[photocathode_R3600] in database.

Success!
DB: Loading /home/ph1lse/BUTTON-RAT2/ratdb/BUTTON/OPTICS.ratdb ... DB: Replacing default OPTICS[cryostat_vacuum] in database.

DB: Replacing default OPTICS[air] in database.

DB: Replacing default OPTICS[water] in database.

DB: Replacing default OPTICS[salt_water] in database.

DB: Replacing default OPTICS[stainless_steel] in database.

DB: Replacing default OPTICS[stainless_steel_316L] in database.

DB: Replacing default OPTICS[aluminum] in database.

DB: Replacing default OPTICS[copper] in database.

DB: Replacing default OPTICS[ptfe] in database.

DB: Replacing default OPTICS[lightcone] in database.

DB: Replacing default OPTICS[ptfe_fabric] in database.

DB: Replacing default OPTICS[ZnO2] in database.

DB: Replacing default OPTICS[AR_coating] in database.

DB: Replacing default OPTICS[optical_grease] in database.

DB: Replacing default OPTICS[MgF2] in database.

DB: Replacing default OPTICS[TiO2] in database.

DB: Replacing default OPTICS[sapphire] in database.

DB: Replacing default OPTICS[quartz] in database.

DB: Replacing default OPTICS[glass] in database.

DB: Replacing default OPTICS[mirror] in database.

DB: Replacing default OPTICS[photocathode] in database.

DB: Replacing default OPTICS[photocathode_R11065] in database.

DB: Replacing default OPTICS[photocathode_ETEL] in database.

DB: Replacing default OPTICS[photocathode_R3600] in database.

DB: Replacing default OPTICS[photocathode_R7081HQE] in database.

DB: Replacing default OPTICS[photocathode_R1408] in database.

DB: Replacing default OPTICS[photocathode_R11780] in database.

DB: Replacing default OPTICS[photocathode_et9390b] in database.

DB: Replacing default OPTICS[pmt_vacuum] in database.

DB: Replacing default OPTICS[mineral_oil] in database.

DB: Replacing default OPTICS[pseudocumene] in database.

DB: Replacing default OPTICS[scintillator] in database.

DB: Replacing default OPTICS[gd_scintillator] in database.

DB: Replacing default OPTICS[acrylic_black] in database.

DB: Replacing default OPTICS[acrylic_white] in database.

DB: Replacing default OPTICS[acrylic_uvt] in database.

DB: Replacing default OPTICS[acrylic_uvt_good] in database.

DB: Replacing default OPTICS[acrylic_polycast] in database.

DB: Replacing default OPTICS[acrylic_uvt_RPT] in database.

DB: Replacing default OPTICS[acrylic_suvt] in database.

DB: Replacing default OPTICS[acrylic_uva_McMaster] in database.

DB: Replacing default OPTICS[acrylic_rpt] in database.

DB: Replacing default OPTICS[acrylic_SpartechSheet] in database.

DB: Replacing default OPTICS[nylon] in database.

DB: Replacing default OPTICS[tyvek] in database.

DB: Replacing default OPTICS[styrofoam] in database.

Success!
DB: Loading /home/ph1lse/BUTTON-RAT2/ratdb/BUTTON/OPTICS_SK.ratdb ... Success!
DB: Loading /home/ph1lse/BUTTON-RAT2/ratdb/BUTTON/OPTICS_Watchman.ratdb ... DB: Replacing default OPTICS[photocathode_R7081HQE] in database.

DB: Replacing default OPTICS[photocathode_R3600] in database.

Success!
DB: Loading /home/ph1lse/BUTTON-RAT2/ratdb/BUTTON/PMTINFO.ratdb ... Success!
DB: Loading /home/ph1lse/BUTTON-RAT2/ratdb/BUTTON/SURFACES_Watchman.ratdb ... Success!
Found experiment files in /home/ph1lse/BUTTON-RAT2/ratdb/BUTTON
DetectorConstruction: could not access DETECTOR[].detector_factory
Loading detector geometry from BUTTON/button_frame.geo
DB: Replacing default GEO[PSUP_centerSquSide0] in database.

DB: Replacing default GEO[PSUP_topCross0] in database.

DB: Replacing default GEO[PSUP_bottomCross0] in database.

DB: Replacing default GEO[PSUP_bottomCrossL0] in database.

DB: Replacing default GEO[PSUP_bottomCrossR0] in database.

DB: Replacing default GEO[PSUP_centerSquSide1] in database.

DB: Replacing default GEO[PSUP_topCross1] in database.

DB: Replacing default GEO[PSUP_bottomCross1] in database.

DB: Replacing default GEO[PSUP_bottomCrossL1] in database.

DB: Replacing default GEO[PSUP_bottomCrossR1] in database.

DB: Replacing default GEO[PSUP_centerSquSide2] in database.

DB: Replacing default GEO[PSUP_topCross2] in database.

DB: Replacing default GEO[PSUP_bottomCross2] in database.

DB: Replacing default GEO[PSUP_bottomCrossL2] in database.

DB: Replacing default GEO[PSUP_bottomCrossR2] in database.

DB: Replacing default GEO[PSUP_centerSquSide3] in database.

DB: Replacing default GEO[PSUP_topCross3] in database.

DB: Replacing default GEO[PSUP_bottomCross3] in database.

DB: Replacing default GEO[PSUP_bottomCrossL3] in database.

DB: Replacing default GEO[PSUP_bottomCrossR3] in database.

Constructing detector materials...
Loaded material: [AR_coating]
Loaded material: [BGO_scint]
Loaded material: [C15H24_lab]
Loaded material: [C16H26_lab]
Loaded material: [C17H28_lab]
Loaded material: [C18H30_lab]
Loaded material: [C19H32_lab]
Loaded material: [Gd_wbls_10pct]
G4Material::GetMaterial() WARNING: The material: lab does not exist in the table. Return NULL pointer.
[Gd_wbls_10pct] thrown on construction queue
Loaded material: [MgF2]
Loaded material: [NaI]
Loaded material: [Prelude]
Loaded material: [SNOnorite]
Loaded material: [TiO2]
Loaded material: [ZnO2]
Loaded material: [acrylic_SpartechSheet]
Loaded material: [acrylic_black]
Loaded material: [acrylic_polycast]
Loaded material: [acrylic_rpt]
Loaded material: [acrylic_sno]
Loaded material: [acrylic_suvt]
Loaded material: [acrylic_uva_McMaster]
Loaded material: [acrylic_uva_polycast]
Loaded material: [acrylic_uva_reynolds]
Loaded material: [acrylic_uvt]
Loaded material: [acrylic_uvt_RPT]
Loaded material: [acrylic_uvt_eos_spec]
Loaded material: [acrylic_uvt_good]
Loaded material: [acrylic_white]
Loaded material: [air]
Loaded material: [aluminum]
Loaded material: [black_water]
G4Material::GetMaterial() WARNING: The material: water does not exist in the table. Return NULL pointer.
[black_water] thrown on construction queue
Loaded material: [borosilicate_glass]
Loaded material: [brass]
Loaded material: [cardboard]
Loaded material: [concrete]
Loaded material: [concrete_chess]
Loaded material: [concrete_kaplan]
Loaded material: [concrete_mcnp]
Loaded material: [copper]
Loaded material: [cryostat_vacuum]
Loaded material: [dead_liquid_Ar]
Loaded material: [dead_liquid_He]
Loaded material: [dead_liquid_Ne]
Loaded material: [dead_liquid_Xe]
Loaded material: [delrin]
Loaded material: [delrin_black]
Loaded material: [dodecane]
Loaded material: [doped_water]
G4Material::GetMaterial() WARNING: The material: water does not exist in the table. Return NULL pointer.
[doped_water] thrown on construction queue
Loaded material: [doped_water_skOptics_10_ABS]
G4Material::GetMaterial() WARNING: The material: water does not exist in the table. Return NULL pointer.
[doped_water_skOptics_10_ABS] thrown on construction queue
Loaded material: [doped_water_skOptics_11_ABS]
G4Material::GetMaterial() WARNING: The material: water does not exist in the table. Return NULL pointer.
[doped_water_skOptics_11_ABS] thrown on construction queue
Loaded material: [doped_water_skOptics_12_ABS]
G4Material::GetMaterial() WARNING: The material: water does not exist in the table. Return NULL pointer.
[doped_water_skOptics_12_ABS] thrown on construction queue
Loaded material: [doped_water_skOptics_13_ABS]
G4Material::GetMaterial() WARNING: The material: water does not exist in the table. Return NULL pointer.
[doped_water_skOptics_13_ABS] thrown on construction queue
Loaded material: [doped_water_skOptics_14_ABS]
G4Material::GetMaterial() WARNING: The material: water does not exist in the table. Return NULL pointer.
[doped_water_skOptics_14_ABS] thrown on construction queue
Loaded material: [doped_water_skOptics_7_ABS]
G4Material::GetMaterial() WARNING: The material: water does not exist in the table. Return NULL pointer.
[doped_water_skOptics_7_ABS] thrown on construction queue
Loaded material: [doped_water_skOptics_8_ABS]
G4Material::GetMaterial() WARNING: The material: water does not exist in the table. Return NULL pointer.
[doped_water_skOptics_8_ABS] thrown on construction queue
Loaded material: [doped_water_skOptics_9_ABS]
G4Material::GetMaterial() WARNING: The material: water does not exist in the table. Return NULL pointer.
[doped_water_skOptics_9_ABS] thrown on construction queue
Loaded material: [eljen_WLSP]
Loaded material: [finemet]
Loaded material: [gadolinium]
Loaded material: [gd_scintillator]
G4Material::GetMaterial() WARNING: The material: mineral_oil does not exist in the table. Return NULL pointer.
[gd_scintillator] thrown on construction queue
Loaded material: [glass]
Loaded material: [glass_mod]
Loaded material: [gunite]
Loaded material: [hamamatsu_borosilicate_glass]
Loaded material: [kevlar]
Loaded material: [lab]
Loaded material: [lead]
Loaded material: [lightcone]
Loaded material: [liquid_Ar]
Loaded material: [liquid_He]
Loaded material: [liquid_Ne]
Loaded material: [liquid_Xe]
Loaded material: [longpass_dichroic_placeholder]
Loaded material: [mineral_oil]
Loaded material: [mirror]
Loaded material: [nakano_acrylic]
Loaded material: [nonreflective_tarp]
G4Material::GetMaterial() WARNING: The material: polypropylene does not exist in the table. Return NULL pointer.
[nonreflective_tarp] thrown on construction queue
Loaded material: [nylon]
Loaded material: [optical_grease]
Loaded material: [pen]
Loaded material: [pet]
Loaded material: [photocathode]
Loaded material: [photocathode_ETEL]
Loaded material: [photocathode_H11934]
Loaded material: [photocathode_R11065]
Loaded material: [photocathode_R11780]
Loaded material: [photocathode_R1408]
Loaded material: [photocathode_R3600]
Loaded material: [photocathode_R5912_HQE]
Loaded material: [photocathode_R7081]
Loaded material: [photocathode_R7081HQE]
Loaded material: [photocathode_R7081_hqe]
Loaded material: [photocathode_et9390b]
Loaded material: [photocathode_lappd]
Loaded material: [photocathode_r14688]
Loaded material: [pmt_vacuum]
Loaded material: [polypropylene]
Loaded material: [polystyrene_foam]
Loaded material: [ppo]
Loaded material: [pseudocumene]
Loaded material: [ptfe]
Loaded material: [ptfe_fabric]
Loaded material: [pvc]
Loaded material: [quartz]
Loaded material: [reflective_tarp]
Loaded material: [retro_reflector]
Loaded material: [rock]
Loaded material: [salt_water]
Loaded material: [sapphire]
Loaded material: [scintillator]
Loaded material: [shortpass_dichroic_placeholder]
Loaded material: [stainless_steel]
Loaded material: [stainless_steel_304H]
Loaded material: [stainless_steel_316L]
Loaded material: [steel]
Loaded material: [styrofoam]
Loaded material: [tungsten]
Loaded material: [tungsten_alloy]
Loaded material: [tungsten_alloy_EA17]
Loaded material: [tyvek]
Loaded material: [vikuiti_esr]
Loaded material: [water]
Loaded material: [wbls_1pct_WM_0420]
Loaded material: [wbls_1pct_WM_0820]
Loaded material: [wbls_1pct_WM_0820_cons]
Loaded material: [wbls_1pct_gd_01pct_WM_0420]
Loaded material: [wbls_1pct_gd_01pct_WM_0820]
Loaded material: [wbls_1pct_gd_01pct_WM_0820_cons]
Loaded material: [wbls_3pct_WM_0420]
Loaded material: [wbls_3pct_WM_0820]
Loaded material: [wbls_3pct_WM_0820_cons]
Loaded material: [wbls_3pct_gd_01pct_WM_0420]
Loaded material: [wbls_3pct_gd_01pct_WM_0820]
Loaded material: [wbls_3pct_gd_01pct_WM_0820_cons]
Loaded material: [wbls_5pct_WM_0420]
Loaded material: [wbls_5pct_WM_0820]
Loaded material: [wbls_5pct_WM_0820_cons]
Loaded material: [white_water]
queue (pass1): [Gd_wbls_10pct]
G4Material::GetMaterial() WARNING: The material: doped_water does not exist in the table. Return NULL pointer.
queue (pass1): [black_water]
[black_water] found and removed from construction queue
queue (pass1): [doped_water]
[doped_water] found and removed from construction queue
queue (pass1): [doped_water_skOptics_10_ABS]
[doped_water_skOptics_10_ABS] found and removed from construction queue
queue (pass1): [doped_water_skOptics_11_ABS]
[doped_water_skOptics_11_ABS] found and removed from construction queue
queue (pass1): [doped_water_skOptics_12_ABS]
[doped_water_skOptics_12_ABS] found and removed from construction queue
queue (pass1): [doped_water_skOptics_13_ABS]
[doped_water_skOptics_13_ABS] found and removed from construction queue
queue (pass1): [doped_water_skOptics_14_ABS]
[doped_water_skOptics_14_ABS] found and removed from construction queue
queue (pass1): [doped_water_skOptics_7_ABS]
[doped_water_skOptics_7_ABS] found and removed from construction queue
queue (pass1): [doped_water_skOptics_8_ABS]
[doped_water_skOptics_8_ABS] found and removed from construction queue
queue (pass1): [doped_water_skOptics_9_ABS]
[doped_water_skOptics_9_ABS] found and removed from construction queue
queue (pass1): [gd_scintillator]
[gd_scintillator] found and removed from construction queue
queue (pass1): [nonreflective_tarp]
[nonreflective_tarp] found and removed from construction queue
Not all materials were found in the database. Trying to load them from NIST.
queue (pass2): [Gd_wbls_10pct]
[Gd_wbls_10pct] found and removed from construction queue
Loading optics: AR_coating
No scaling for ABSLENGTH for AR_coating
No scaling for RSLENGTH for AR_coating
Loading optics: BGO_scint
No scaling for ABSLENGTH for BGO_scint
No scaling for RSLENGTH for BGO_scint
Loading optics: Gd_wbls_10pct
Could not read property REEMISSION_PROB of Gd_wbls_10pct
No scaling for ABSLENGTH for Gd_wbls_10pct
No scaling for RSLENGTH for Gd_wbls_10pct
Loading optics: MgF2
No scaling for ABSLENGTH for MgF2
No scaling for RSLENGTH for MgF2
Loading optics: TiO2
No scaling for ABSLENGTH for TiO2
No scaling for RSLENGTH for TiO2
Loading optics: ZnO2
No scaling for ABSLENGTH for ZnO2
No scaling for RSLENGTH for ZnO2
Loading optics: acrylic_SpartechSheet
No scaling for ABSLENGTH for acrylic_SpartechSheet
No scaling for RSLENGTH for acrylic_SpartechSheet
Loading optics: acrylic_black
No scaling for ABSLENGTH for acrylic_black
No scaling for RSLENGTH for acrylic_black
Loading optics: acrylic_polycast
No scaling for ABSLENGTH for acrylic_polycast
No scaling for RSLENGTH for acrylic_polycast
Loading optics: acrylic_rpt
No scaling for ABSLENGTH for acrylic_rpt
No scaling for RSLENGTH for acrylic_rpt
Loading optics: acrylic_sno
No scaling for ABSLENGTH for acrylic_sno
No scaling for RSLENGTH for acrylic_sno
Loading optics: acrylic_suvt
No scaling for ABSLENGTH for acrylic_suvt
No scaling for RSLENGTH for acrylic_suvt
Loading optics: acrylic_uva_McMaster
No scaling for ABSLENGTH for acrylic_uva_McMaster
No scaling for RSLENGTH for acrylic_uva_McMaster
Loading optics: acrylic_uva_polycast
No scaling for ABSLENGTH for acrylic_uva_polycast
No scaling for RSLENGTH for acrylic_uva_polycast
Loading optics: acrylic_uva_reynolds
No scaling for ABSLENGTH for acrylic_uva_reynolds
No scaling for RSLENGTH for acrylic_uva_reynolds
Loading optics: acrylic_uvt
No scaling for ABSLENGTH for acrylic_uvt
No scaling for RSLENGTH for acrylic_uvt
Loading optics: acrylic_uvt_RPT
No scaling for ABSLENGTH for acrylic_uvt_RPT
No scaling for RSLENGTH for acrylic_uvt_RPT
Loading optics: acrylic_uvt_eos_spec
No scaling for ABSLENGTH for acrylic_uvt_eos_spec
No scaling for RSLENGTH for acrylic_uvt_eos_spec
Loading optics: acrylic_uvt_good
No scaling for ABSLENGTH for acrylic_uvt_good
No scaling for RSLENGTH for acrylic_uvt_good
Loading optics: acrylic_white
No scaling for ABSLENGTH for acrylic_white
No scaling for RSLENGTH for acrylic_white
Loading optics: air
No scaling for ABSLENGTH for air
No scaling for RSLENGTH for air
Loading optics: aluminum
No scaling for ABSLENGTH for aluminum
No scaling for RSLENGTH for aluminum
Loading optics: black_water
No scaling for ABSLENGTH for black_water
No scaling for RSLENGTH for black_water
Loading optics: copper
No scaling for ABSLENGTH for copper
No scaling for RSLENGTH for copper
Loading optics: cryostat_vacuum
No scaling for ABSLENGTH for cryostat_vacuum
No scaling for RSLENGTH for cryostat_vacuum
Loading optics: delrin_black
No scaling for ABSLENGTH for delrin_black
No scaling for RSLENGTH for delrin_black
Loading optics: doped_water
No scaling for ABSLENGTH for doped_water
No scaling for RSLENGTH for doped_water
Loading optics: doped_water_skOptics_10_ABS
No scaling for ABSLENGTH for doped_water_skOptics_10_ABS
No scaling for RSLENGTH for doped_water_skOptics_10_ABS
Loading optics: doped_water_skOptics_11_ABS
No scaling for ABSLENGTH for doped_water_skOptics_11_ABS
No scaling for RSLENGTH for doped_water_skOptics_11_ABS
Loading optics: doped_water_skOptics_12_ABS
No scaling for ABSLENGTH for doped_water_skOptics_12_ABS
No scaling for RSLENGTH for doped_water_skOptics_12_ABS
Loading optics: doped_water_skOptics_13_ABS
No scaling for ABSLENGTH for doped_water_skOptics_13_ABS
No scaling for RSLENGTH for doped_water_skOptics_13_ABS
Loading optics: doped_water_skOptics_14_ABS
No scaling for ABSLENGTH for doped_water_skOptics_14_ABS
No scaling for RSLENGTH for doped_water_skOptics_14_ABS
Loading optics: doped_water_skOptics_7_ABS
No scaling for ABSLENGTH for doped_water_skOptics_7_ABS
No scaling for RSLENGTH for doped_water_skOptics_7_ABS
Loading optics: doped_water_skOptics_8_ABS
No scaling for ABSLENGTH for doped_water_skOptics_8_ABS
No scaling for RSLENGTH for doped_water_skOptics_8_ABS
Loading optics: doped_water_skOptics_9_ABS
No scaling for ABSLENGTH for doped_water_skOptics_9_ABS
No scaling for RSLENGTH for doped_water_skOptics_9_ABS
Loading optics: eljen_WLSP
No scaling for ABSLENGTH for eljen_WLSP
No scaling for RSLENGTH for eljen_WLSP
Loading optics: gd_scintillator
No scaling for ABSLENGTH for gd_scintillator
No scaling for RSLENGTH for gd_scintillator
Loading optics: glass
No scaling for ABSLENGTH for glass
No scaling for RSLENGTH for glass
Loading optics: glass_mod
No scaling for ABSLENGTH for glass_mod
No scaling for RSLENGTH for glass_mod
Loading optics: lightcone
No scaling for ABSLENGTH for lightcone
No scaling for RSLENGTH for lightcone
Loading optics: longpass_dichroic_placeholder
No scaling for ABSLENGTH for longpass_dichroic_placeholder
No scaling for RSLENGTH for longpass_dichroic_placeholder
Loading optics: mineral_oil
No scaling for ABSLENGTH for mineral_oil
No scaling for RSLENGTH for mineral_oil
Loading optics: mirror
No scaling for ABSLENGTH for mirror
No scaling for RSLENGTH for mirror
Loading optics: nakano_acrylic
No scaling for ABSLENGTH for nakano_acrylic
No scaling for RSLENGTH for nakano_acrylic
Loading optics: nonreflective_tarp
No scaling for ABSLENGTH for nonreflective_tarp
No scaling for RSLENGTH for nonreflective_tarp
Loading optics: nylon
No scaling for ABSLENGTH for nylon
No scaling for RSLENGTH for nylon
Loading optics: optical_grease
No scaling for ABSLENGTH for optical_grease
No scaling for RSLENGTH for optical_grease
Loading optics: photocathode
No scaling for ABSLENGTH for photocathode
No scaling for RSLENGTH for photocathode
Loading optics: photocathode_ETEL
No scaling for ABSLENGTH for photocathode_ETEL
No scaling for RSLENGTH for photocathode_ETEL
Loading optics: photocathode_H11934
No scaling for ABSLENGTH for photocathode_H11934
No scaling for RSLENGTH for photocathode_H11934
Loading optics: photocathode_R11065
No scaling for ABSLENGTH for photocathode_R11065
No scaling for RSLENGTH for photocathode_R11065
Loading optics: photocathode_R11780
No scaling for ABSLENGTH for photocathode_R11780
No scaling for RSLENGTH for photocathode_R11780
Loading optics: photocathode_R1408
No scaling for ABSLENGTH for photocathode_R1408
No scaling for RSLENGTH for photocathode_R1408
Loading optics: photocathode_R3600
No scaling for ABSLENGTH for photocathode_R3600
No scaling for RSLENGTH for photocathode_R3600
Loading optics: photocathode_R7081
No scaling for ABSLENGTH for photocathode_R7081
No scaling for RSLENGTH for photocathode_R7081
Loading optics: photocathode_R7081HQE
No scaling for ABSLENGTH for photocathode_R7081HQE
No scaling for RSLENGTH for photocathode_R7081HQE
Loading optics: photocathode_et9390b
No scaling for ABSLENGTH for photocathode_et9390b
No scaling for RSLENGTH for photocathode_et9390b
Loading optics: photocathode_lappd
No scaling for ABSLENGTH for photocathode_lappd
No scaling for RSLENGTH for photocathode_lappd
Loading optics: photocathode_r14688
No scaling for ABSLENGTH for photocathode_r14688
No scaling for RSLENGTH for photocathode_r14688
Loading optics: pmt_vacuum
No scaling for ABSLENGTH for pmt_vacuum
No scaling for RSLENGTH for pmt_vacuum
Loading optics: pseudocumene
Loading optics: ptfe
No scaling for ABSLENGTH for ptfe
No scaling for RSLENGTH for ptfe
Loading optics: ptfe_fabric
No scaling for ABSLENGTH for ptfe_fabric
No scaling for RSLENGTH for ptfe_fabric
Loading optics: quartz
No scaling for ABSLENGTH for quartz
No scaling for RSLENGTH for quartz
Loading optics: reflective_tarp
No scaling for ABSLENGTH for reflective_tarp
No scaling for RSLENGTH for reflective_tarp
Loading optics: retro_reflector
No scaling for ABSLENGTH for retro_reflector
No scaling for RSLENGTH for retro_reflector
Loading optics: salt_water
No scaling for ABSLENGTH for salt_water
No scaling for RSLENGTH for salt_water
Loading optics: sapphire
No scaling for ABSLENGTH for sapphire
No scaling for RSLENGTH for sapphire
Loading optics: scintillator
No scaling for ABSLENGTH for scintillator
No scaling for RSLENGTH for scintillator
Loading optics: shortpass_dichroic_placeholder
No scaling for ABSLENGTH for shortpass_dichroic_placeholder
No scaling for RSLENGTH for shortpass_dichroic_placeholder
Loading optics: stainless_steel
No scaling for ABSLENGTH for stainless_steel
No scaling for RSLENGTH for stainless_steel
Loading optics: stainless_steel_304H
No scaling for ABSLENGTH for stainless_steel_304H
No scaling for RSLENGTH for stainless_steel_304H
Loading optics: stainless_steel_316L
No scaling for ABSLENGTH for stainless_steel_316L
No scaling for RSLENGTH for stainless_steel_316L
Loading optics: styrofoam
No scaling for ABSLENGTH for styrofoam
No scaling for RSLENGTH for styrofoam
Loading optics: tyvek
No scaling for ABSLENGTH for tyvek
No scaling for RSLENGTH for tyvek
Loading optics: water
No scaling for ABSLENGTH for water
No scaling for RSLENGTH for water
Loading optics: wbls_1pct_WM_0420
No scaling for ABSLENGTH for wbls_1pct_WM_0420
No scaling for RSLENGTH for wbls_1pct_WM_0420
Loading optics: wbls_1pct_WM_0820
No scaling for ABSLENGTH for wbls_1pct_WM_0820
No scaling for RSLENGTH for wbls_1pct_WM_0820
Loading optics: wbls_1pct_WM_0820_cons
No scaling for ABSLENGTH for wbls_1pct_WM_0820_cons
No scaling for RSLENGTH for wbls_1pct_WM_0820_cons
Loading optics: wbls_1pct_gd_01pct_WM_0420
No scaling for ABSLENGTH for wbls_1pct_gd_01pct_WM_0420
No scaling for RSLENGTH for wbls_1pct_gd_01pct_WM_0420
Loading optics: wbls_1pct_gd_01pct_WM_0820
No scaling for ABSLENGTH for wbls_1pct_gd_01pct_WM_0820
No scaling for RSLENGTH for wbls_1pct_gd_01pct_WM_0820
Loading optics: wbls_1pct_gd_01pct_WM_0820_cons
No scaling for ABSLENGTH for wbls_1pct_gd_01pct_WM_0820_cons
No scaling for RSLENGTH for wbls_1pct_gd_01pct_WM_0820_cons
Loading optics: wbls_3pct_WM_0420
No scaling for ABSLENGTH for wbls_3pct_WM_0420
No scaling for RSLENGTH for wbls_3pct_WM_0420
Loading optics: wbls_3pct_WM_0820
No scaling for ABSLENGTH for wbls_3pct_WM_0820
No scaling for RSLENGTH for wbls_3pct_WM_0820
Loading optics: wbls_3pct_WM_0820_cons
No scaling for ABSLENGTH for wbls_3pct_WM_0820_cons
No scaling for RSLENGTH for wbls_3pct_WM_0820_cons
Loading optics: wbls_3pct_gd_01pct_WM_0420
No scaling for ABSLENGTH for wbls_3pct_gd_01pct_WM_0420
No scaling for RSLENGTH for wbls_3pct_gd_01pct_WM_0420
Loading optics: wbls_3pct_gd_01pct_WM_0820
No scaling for ABSLENGTH for wbls_3pct_gd_01pct_WM_0820
No scaling for RSLENGTH for wbls_3pct_gd_01pct_WM_0820
Loading optics: wbls_3pct_gd_01pct_WM_0820_cons
No scaling for ABSLENGTH for wbls_3pct_gd_01pct_WM_0820_cons
No scaling for RSLENGTH for wbls_3pct_gd_01pct_WM_0820_cons
Loading optics: wbls_5pct_WM_0420
No scaling for ABSLENGTH for wbls_5pct_WM_0420
No scaling for RSLENGTH for wbls_5pct_WM_0420
Loading optics: wbls_5pct_WM_0820
No scaling for ABSLENGTH for wbls_5pct_WM_0820
No scaling for RSLENGTH for wbls_5pct_WM_0820
Loading optics: wbls_5pct_WM_0820_cons
No scaling for ABSLENGTH for wbls_5pct_WM_0820_cons
No scaling for RSLENGTH for wbls_5pct_WM_0820_cons
Loading optics: white_water
No scaling for ABSLENGTH for white_water
No scaling for RSLENGTH for white_water
Getting dichroic data for Material: longpass_dichroic_placeholder from file: /home/ph1lse/ratpac-setup/ratpac/ratdb/dichroic_data/knight_longpass_480nm_from_manufacturer.dat
Getting dichroic data for Material: shortpass_dichroic_placeholder from file: /home/ph1lse/ratpac-setup/ratpac/ratdb/dichroic_data/knight_shortpass_450nm_from_manufacturer.dat
GeoSolidFactory: Constructing volume world
GeoSolidFactory: Constructing volume rock_1
GeoSolidFactory: Constructing volume rock_2
GeoSolidFactory: Constructing volume cavern_1
GeoSolidFactory: Constructing volume ibeam
GeoSolidFactory: Constructing volume cavern_2
GeoSolidFactory: Constructing volume tank
GeoSolidFactory: Constructing volume PSUP_bottomCross0
GeoSolidFactory: Constructing volume PSUP_bottomCross1
GeoSolidFactory: Constructing volume PSUP_bottomCross2
GeoSolidFactory: Constructing volume PSUP_bottomCross3
GeoSolidFactory: Constructing volume PSUP_bottomCrossL0
GeoSolidFactory: Constructing volume PSUP_bottomCrossL1
GeoSolidFactory: Constructing volume PSUP_bottomCrossL2
GeoSolidFactory: Constructing volume PSUP_bottomCrossL3
GeoSolidFactory: Constructing volume PSUP_bottomCrossR0
GeoSolidFactory: Constructing volume PSUP_bottomCrossR1
GeoSolidFactory: Constructing volume PSUP_bottomCrossR2
GeoSolidFactory: Constructing volume PSUP_bottomCrossR3
GeoSolidFactory: Constructing volume PSUP_bottomHorizontal0
GeoSolidFactory: Constructing volume PSUP_bottomHorizontal1
GeoSolidFactory: Constructing volume PSUP_bottomHorizontal10
GeoSolidFactory: Constructing volume PSUP_bottomHorizontal11
GeoSolidFactory: Constructing volume PSUP_bottomHorizontal12
GeoSolidFactory: Constructing volume PSUP_bottomHorizontal13
GeoSolidFactory: Constructing volume PSUP_bottomHorizontal14
GeoSolidFactory: Constructing volume PSUP_bottomHorizontal15
GeoSolidFactory: Constructing volume PSUP_bottomHorizontal2
GeoSolidFactory: Constructing volume PSUP_bottomHorizontal3
GeoSolidFactory: Constructing volume PSUP_bottomHorizontal4
GeoSolidFactory: Constructing volume PSUP_bottomHorizontal5
GeoSolidFactory: Constructing volume PSUP_bottomHorizontal6
GeoSolidFactory: Constructing volume PSUP_bottomHorizontal7
GeoSolidFactory: Constructing volume PSUP_bottomHorizontal8
GeoSolidFactory: Constructing volume PSUP_bottomHorizontal9
GeoSolidFactory: Constructing volume PSUP_centerSquSide0
GeoSolidFactory: Constructing volume PSUP_centerSquSide1
GeoSolidFactory: Constructing volume PSUP_centerSquSide2
GeoSolidFactory: Constructing volume PSUP_centerSquSide3
GeoSolidFactory: Constructing volume PSUP_centerUpright0
GeoSolidFactory: Constructing volume PSUP_centerUpright1
GeoSolidFactory: Constructing volume PSUP_centerUpright10
GeoSolidFactory: Constructing volume PSUP_centerUpright11
GeoSolidFactory: Constructing volume PSUP_centerUpright12
GeoSolidFactory: Constructing volume PSUP_centerUpright13
GeoSolidFactory: Constructing volume PSUP_centerUpright14
GeoSolidFactory: Constructing volume PSUP_centerUpright15
GeoSolidFactory: Constructing volume PSUP_centerUpright2
GeoSolidFactory: Constructing volume PSUP_centerUpright3
GeoSolidFactory: Constructing volume PSUP_centerUpright4
GeoSolidFactory: Constructing volume PSUP_centerUpright5
GeoSolidFactory: Constructing volume PSUP_centerUpright6
GeoSolidFactory: Constructing volume PSUP_centerUpright7
GeoSolidFactory: Constructing volume PSUP_centerUpright8
GeoSolidFactory: Constructing volume PSUP_centerUpright9
GeoSolidFactory: Constructing volume PSUP_connectSqu0
GeoSolidFactory: Constructing volume PSUP_connectSqu1
GeoSolidFactory: Constructing volume PSUP_connectSqu2
GeoSolidFactory: Constructing volume PSUP_connectSqu3
GeoSolidFactory: Constructing volume PSUP_connectSqu4
GeoSolidFactory: Constructing volume PSUP_connectSqu5
GeoSolidFactory: Constructing volume PSUP_connectSqu6
GeoSolidFactory: Constructing volume PSUP_connectSqu7
GeoSolidFactory: Constructing volume PSUP_connectSquL0
GeoSolidFactory: Constructing volume PSUP_connectSquL1
GeoSolidFactory: Constructing volume PSUP_connectSquL2
GeoSolidFactory: Constructing volume PSUP_connectSquL3
GeoSolidFactory: Constructing volume PSUP_connectSquL4
GeoSolidFactory: Constructing volume PSUP_connectSquL5
GeoSolidFactory: Constructing volume PSUP_connectSquL6
GeoSolidFactory: Constructing volume PSUP_connectSquL7
GeoSolidFactory: Constructing volume PSUP_connectSquR0
GeoSolidFactory: Constructing volume PSUP_connectSquR1
GeoSolidFactory: Constructing volume PSUP_connectSquR2
GeoSolidFactory: Constructing volume PSUP_connectSquR3
GeoSolidFactory: Constructing volume PSUP_connectSquR4
GeoSolidFactory: Constructing volume PSUP_connectSquR5
GeoSolidFactory: Constructing volume PSUP_connectSquR6
GeoSolidFactory: Constructing volume PSUP_connectSquR7
GeoSolidFactory: Constructing volume PSUP_frameBar0_0
GeoSolidFactory: Constructing volume PSUP_frameBar10_1
GeoSolidFactory: Constructing volume PSUP_frameBar11_1
GeoSolidFactory: Constructing volume PSUP_frameBar12_1
GeoSolidFactory: Constructing volume PSUP_frameBar13_1
GeoSolidFactory: Constructing volume PSUP_frameBar14_1
GeoSolidFactory: Constructing volume PSUP_frameBar15_1
GeoSolidFactory: Constructing volume PSUP_frameBar1_0
GeoSolidFactory: Constructing volume PSUP_frameBar2_0
GeoSolidFactory: Constructing volume PSUP_frameBar3_0
GeoSolidFactory: Constructing volume PSUP_frameBar4_0
GeoSolidFactory: Constructing volume PSUP_frameBar5_0
GeoSolidFactory: Constructing volume PSUP_frameBar6_0
GeoSolidFactory: Constructing volume PSUP_frameBar7_0
GeoSolidFactory: Constructing volume PSUP_frameBar8_1
GeoSolidFactory: Constructing volume PSUP_frameBar9_1
GeoSolidFactory: Constructing volume PSUP_innerSquSide0
GeoSolidFactory: Constructing volume PSUP_innerSquSide1
GeoSolidFactory: Constructing volume PSUP_innerSquSide2
GeoSolidFactory: Constructing volume PSUP_innerSquSide3
GeoSolidFactory: Constructing volume PSUP_innerSquSide4
GeoSolidFactory: Constructing volume PSUP_innerSquSide5
GeoSolidFactory: Constructing volume PSUP_innerSquSide6
GeoSolidFactory: Constructing volume PSUP_innerSquSide7
GeoSolidFactory: Constructing volume PSUP_outerSquSide0
GeoSolidFactory: Constructing volume PSUP_outerSquSide1
GeoSolidFactory: Constructing volume PSUP_outerSquSide2
GeoSolidFactory: Constructing volume PSUP_outerSquSide3
GeoSolidFactory: Constructing volume PSUP_outerSquSide4
GeoSolidFactory: Constructing volume PSUP_outerSquSide5
GeoSolidFactory: Constructing volume PSUP_outerSquSide6
GeoSolidFactory: Constructing volume PSUP_outerSquSide7
GeoSolidFactory: Constructing volume PSUP_sideUpright0
GeoSolidFactory: Constructing volume PSUP_sideUpright1
GeoSolidFactory: Constructing volume PSUP_sideUpright10
GeoSolidFactory: Constructing volume PSUP_sideUpright11
GeoSolidFactory: Constructing volume PSUP_sideUpright12
GeoSolidFactory: Constructing volume PSUP_sideUpright13
GeoSolidFactory: Constructing volume PSUP_sideUpright14
GeoSolidFactory: Constructing volume PSUP_sideUpright15
GeoSolidFactory: Constructing volume PSUP_sideUpright16
GeoSolidFactory: Constructing volume PSUP_sideUpright17
GeoSolidFactory: Constructing volume PSUP_sideUpright18
GeoSolidFactory: Constructing volume PSUP_sideUpright19
GeoSolidFactory: Constructing volume PSUP_sideUpright2
GeoSolidFactory: Constructing volume PSUP_sideUpright20
GeoSolidFactory: Constructing volume PSUP_sideUpright21
GeoSolidFactory: Constructing volume PSUP_sideUpright22
GeoSolidFactory: Constructing volume PSUP_sideUpright23
GeoSolidFactory: Constructing volume PSUP_sideUpright24
GeoSolidFactory: Constructing volume PSUP_sideUpright25
GeoSolidFactory: Constructing volume PSUP_sideUpright26
GeoSolidFactory: Constructing volume PSUP_sideUpright27
GeoSolidFactory: Constructing volume PSUP_sideUpright28
GeoSolidFactory: Constructing volume PSUP_sideUpright29
GeoSolidFactory: Constructing volume PSUP_sideUpright3
GeoSolidFactory: Constructing volume PSUP_sideUpright30
GeoSolidFactory: Constructing volume PSUP_sideUpright31
GeoSolidFactory: Constructing volume PSUP_sideUpright4
GeoSolidFactory: Constructing volume PSUP_sideUpright5
GeoSolidFactory: Constructing volume PSUP_sideUpright6
GeoSolidFactory: Constructing volume PSUP_sideUpright7
GeoSolidFactory: Constructing volume PSUP_sideUpright8
GeoSolidFactory: Constructing volume PSUP_sideUpright9
GeoSolidFactory: Constructing volume PSUP_topCross0
GeoSolidFactory: Constructing volume PSUP_topCross1
GeoSolidFactory: Constructing volume PSUP_topCross2
GeoSolidFactory: Constructing volume PSUP_topCross3
GeoSolidFactory: Constructing volume PSUP_topHorizontal0
GeoSolidFactory: Constructing volume PSUP_topHorizontal1
GeoSolidFactory: Constructing volume PSUP_topHorizontal10
GeoSolidFactory: Constructing volume PSUP_topHorizontal11
GeoSolidFactory: Constructing volume PSUP_topHorizontal12
GeoSolidFactory: Constructing volume PSUP_topHorizontal13
GeoSolidFactory: Constructing volume PSUP_topHorizontal14
GeoSolidFactory: Constructing volume PSUP_topHorizontal15
GeoSolidFactory: Constructing volume PSUP_topHorizontal2
GeoSolidFactory: Constructing volume PSUP_topHorizontal3
GeoSolidFactory: Constructing volume PSUP_topHorizontal4
GeoSolidFactory: Constructing volume PSUP_topHorizontal5
GeoSolidFactory: Constructing volume PSUP_topHorizontal6
GeoSolidFactory: Constructing volume PSUP_topHorizontal7
GeoSolidFactory: Constructing volume PSUP_topHorizontal8
GeoSolidFactory: Constructing volume PSUP_topHorizontal9
GeoSolidFactory: Constructing volume detector_veto1
GeoSolidFactory: Constructing volume black_sheet
GeoSolidFactory: Constructing volume detector_target_gb
GeoSolidFactory: Constructing volume detector_target_fv
PMTArrayFactory: Constructing volume inner_pmts
    start_idx: 0
    end_idx: 95
Warning: GLG4TorusStack making sizeable adjustment to rho_edge[5]: old 0, new 0.153649 (2)
Warning: GLG4TorusStack making sizeable adjustment to rho_edge[2]: old 0, new 0.153646 (2)
Forcing B efficiency<= 1
inner_pmts_optical_model: Individual efficiency correction table set
GeoSurfaceFactory: Constructing border midsurface_black_sheet
GeoSurfaceFactory: Constructing border midsurface_tank
dump_geometry is not defined, gdml is not exported.

 hInelastic Shielding : threshold between BERT and FTFP is over the interval 
 for pions :   3 to 6 GeV
 for kaons :   3 to 6 GeV
 for proton :  3 to 6 GeV
 for neutron : 3 to 6 GeV

/home/ph1lse/ratpac-setup/local/share/Geant4/data/G4NDL4.7
@@@ G4ParticleHPInelastic instantiated for particle neutron data directory variable is G4NEUTRONHPDATA pointing to /home/ph1lse/ratpac-setup/local/share/Geant4/data/G4NDL4.7/Inelastic
@@@ G4ParticleHPInelasticData instantiated for particle neutron data directory variable is G4NEUTRONHPDATA pointing to /home/ph1lse/ratpac-setup/local/share/Geant4/data/G4NDL4.7
NeutronHP: /Capture file for Z = 6, A = 12 is not found and NeutronHP will use /home/ph1lse/ratpac-setup/local/share/Geant4/data/G4NDL4.7/Capture/CrossSection/6_nat_Carbon
NeutronHP: /Elastic file for Z = 6, A = 12 is not found and NeutronHP will use /home/ph1lse/ratpac-setup/local/share/Geant4/data/G4NDL4.7/Elastic/CrossSection/6_nat_Carbon
NeutronHP: /Inelastic file for Z = 6, A = 12 is not found and NeutronHP will use /home/ph1lse/ratpac-setup/local/share/Geant4/data/G4NDL4.7/Inelastic/CrossSection/6_nat_Carbon
GLG4Scint: No reemission spectrum for material BGO_scint for default scint process, setting equal to primary scintillation spectrum
GLG4Scint: No reemission spectrum for material scintillator for default scint process, setting equal to primary scintillation spectrum
GLG4Scint: No light yield parameter for scintillator for default scint process, assuming it is implicit in the scintillation integral
GLG4Scint: No reemission spectrum for material gd_scintillator for default scint process, setting equal to primary scintillation spectrum
GLG4Scint: No light yield parameter for gd_scintillator for default scint process, assuming it is implicit in the scintillation integral
GLG4Scint: Using default process emission spectrum for emission and reemission for proton process in BGO_scint
GLG4Scint: Using default process emission spectrum for emission and reemission for proton process in eljen_WLSP
GLG4Scint: Using default process emission spectrum for emission and reemission for proton process in scintillator
GLG4Scint: Using default process emission spectrum for emission and reemission for proton process in wbls_1pct_WM_0420
GLG4Scint: Using default process emission spectrum for emission and reemission for proton process in wbls_1pct_WM_0820
GLG4Scint: Using default process emission spectrum for emission and reemission for proton process in wbls_1pct_WM_0820_cons
GLG4Scint: Using default process emission spectrum for emission and reemission for proton process in wbls_1pct_gd_01pct_WM_0420
GLG4Scint: Using default process emission spectrum for emission and reemission for proton process in wbls_1pct_gd_01pct_WM_0820
GLG4Scint: Using default process emission spectrum for emission and reemission for proton process in wbls_1pct_gd_01pct_WM_0820_cons
GLG4Scint: Using default process emission spectrum for emission and reemission for proton process in wbls_3pct_WM_0420
GLG4Scint: Using default process emission spectrum for emission and reemission for proton process in wbls_3pct_WM_0820
GLG4Scint: Using default process emission spectrum for emission and reemission for proton process in wbls_3pct_WM_0820_cons
GLG4Scint: Using default process emission spectrum for emission and reemission for proton process in wbls_3pct_gd_01pct_WM_0420
GLG4Scint: Using default process emission spectrum for emission and reemission for proton process in wbls_3pct_gd_01pct_WM_0820
GLG4Scint: Using default process emission spectrum for emission and reemission for proton process in wbls_3pct_gd_01pct_WM_0820_cons
GLG4Scint: Using default process emission spectrum for emission and reemission for proton process in wbls_5pct_WM_0420
GLG4Scint: Using default process emission spectrum for emission and reemission for proton process in wbls_5pct_WM_0820
GLG4Scint: Using default process emission spectrum for emission and reemission for proton process in wbls_5pct_WM_0820_cons
GLG4Scint: Using default process emission spectrum for emission and reemission for proton process in gd_scintillator
GLG4Scint: Using default process emission spectrum for emission and reemission for proton process in Gd_wbls_10pct
GLG4Scint: Using default process emission spectrum for emission and reemission for neutron process in BGO_scint
GLG4Scint: Using default process emission spectrum for emission and reemission for neutron process in eljen_WLSP
GLG4Scint: Using default process emission spectrum for emission and reemission for neutron process in scintillator
GLG4Scint: Using default process emission spectrum for emission and reemission for neutron process in wbls_1pct_WM_0420
GLG4Scint: Using default process emission spectrum for emission and reemission for neutron process in wbls_1pct_WM_0820
GLG4Scint: Using default process emission spectrum for emission and reemission for neutron process in wbls_1pct_WM_0820_cons
GLG4Scint: Using default process emission spectrum for emission and reemission for neutron process in wbls_1pct_gd_01pct_WM_0420
GLG4Scint: Using default process emission spectrum for emission and reemission for neutron process in wbls_1pct_gd_01pct_WM_0820
GLG4Scint: Using default process emission spectrum for emission and reemission for neutron process in wbls_1pct_gd_01pct_WM_0820_cons
GLG4Scint: Using default process emission spectrum for emission and reemission for neutron process in wbls_3pct_WM_0420
GLG4Scint: Using default process emission spectrum for emission and reemission for neutron process in wbls_3pct_WM_0820
GLG4Scint: Using default process emission spectrum for emission and reemission for neutron process in wbls_3pct_WM_0820_cons
GLG4Scint: Using default process emission spectrum for emission and reemission for neutron process in wbls_3pct_gd_01pct_WM_0420
GLG4Scint: Using default process emission spectrum for emission and reemission for neutron process in wbls_3pct_gd_01pct_WM_0820
GLG4Scint: Using default process emission spectrum for emission and reemission for neutron process in wbls_3pct_gd_01pct_WM_0820_cons
GLG4Scint: Using default process emission spectrum for emission and reemission for neutron process in wbls_5pct_WM_0420
GLG4Scint: Using default process emission spectrum for emission and reemission for neutron process in wbls_5pct_WM_0820
GLG4Scint: Using default process emission spectrum for emission and reemission for neutron process in wbls_5pct_WM_0820_cons
GLG4Scint: Using default process emission spectrum for emission and reemission for neutron process in gd_scintillator
GLG4Scint: Using default process emission spectrum for emission and reemission for neutron process in Gd_wbls_10pct
GLG4Scint: Using default process emission spectrum for emission and reemission for alpha process in BGO_scint
GLG4Scint: Using default process emission spectrum for emission and reemission for alpha process in eljen_WLSP
GLG4Scint: Using default process emission spectrum for emission and reemission for alpha process in scintillator
GLG4Scint: Using default process emission spectrum for emission and reemission for alpha process in wbls_1pct_WM_0420
GLG4Scint: Using default process emission spectrum for emission and reemission for alpha process in wbls_1pct_WM_0820
GLG4Scint: Using default process emission spectrum for emission and reemission for alpha process in wbls_1pct_WM_0820_cons
GLG4Scint: Using default process emission spectrum for emission and reemission for alpha process in wbls_1pct_gd_01pct_WM_0420
GLG4Scint: Using default process emission spectrum for emission and reemission for alpha process in wbls_1pct_gd_01pct_WM_0820
GLG4Scint: Using default process emission spectrum for emission and reemission for alpha process in wbls_1pct_gd_01pct_WM_0820_cons
GLG4Scint: Using default process emission spectrum for emission and reemission for alpha process in wbls_3pct_WM_0420
GLG4Scint: Using default process emission spectrum for emission and reemission for alpha process in wbls_3pct_WM_0820
GLG4Scint: Using default process emission spectrum for emission and reemission for alpha process in wbls_3pct_WM_0820_cons
GLG4Scint: Using default process emission spectrum for emission and reemission for alpha process in wbls_3pct_gd_01pct_WM_0420
GLG4Scint: Using default process emission spectrum for emission and reemission for alpha process in wbls_3pct_gd_01pct_WM_0820
GLG4Scint: Using default process emission spectrum for emission and reemission for alpha process in wbls_3pct_gd_01pct_WM_0820_cons
GLG4Scint: Using default process emission spectrum for emission and reemission for alpha process in wbls_5pct_WM_0420
GLG4Scint: Using default process emission spectrum for emission and reemission for alpha process in wbls_5pct_WM_0820
GLG4Scint: Using default process emission spectrum for emission and reemission for alpha process in wbls_5pct_WM_0820_cons
GLG4Scint: Using default process emission spectrum for emission and reemission for alpha process in gd_scintillator
GLG4Scint: Using default process emission spectrum for emission and reemission for alpha process in Gd_wbls_10pct
PhysicsList::SetOpWLSModel: Set WLS model to ""
The Cerenkov effect simulates optical photons created by the
passage of charged particles through matter. Materials need
to have the property RINDEX (refractive index) defined.
Process Name Cerenkov : Type[Electromagnetic] : SubType[21]
Maximum beta change per step: 10Maximum photons per step: 1Track secondaries first: 1Stack photons: 1Verbose level: 0Process Name Attenuation : Type[Optical] : SubType[31]
GLG4Scint[] {
  fLowerMassLimit=0
}
GLG4Scint[proton] {
  fLowerMassLimit=844.445
}
GLG4Scint[neutron] {
  fLowerMassLimit=938.626
}
GLG4Scint[alpha] {
  fLowerMassLimit=3354.64
}
Process Name OpBoundary : Type[Optical] : SubType[32]
RAT::DecayChain_Gen: normal decay
NO SUCH CHAIN FOUND
THE ELEMENT UNDERGOES BETA DECAY 
RAT::DecayChain_Gen::SetState: successfully created decay chain for 234Pa
PosGen_RegexFill::SetState: Adding volumes: PSUP_bottomCross0, PSUP_bottomCrossL0, PSUP_bottomCrossR0, PSUP_bottomCross1, PSUP_bottomCrossL1, PSUP_bottomCrossR1, PSUP_bottomCross2, PSUP_bottomCrossL2, PSUP_bottomCrossR2, PSUP_bottomCross3, PSUP_bottomCrossL3, PSUP_bottomCrossR3, PSUP_bottomHorizontal0, PSUP_bottomHorizontal1, PSUP_bottomHorizontal10, PSUP_bottomHorizontal11, PSUP_bottomHorizontal12, PSUP_bottomHorizontal13, PSUP_bottomHorizontal14, PSUP_bottomHorizontal15, PSUP_bottomHorizontal2, PSUP_bottomHorizontal3, PSUP_bottomHorizontal4, PSUP_bottomHorizontal5, PSUP_bottomHorizontal6, PSUP_bottomHorizontal7, PSUP_bottomHorizontal8, PSUP_bottomHorizontal9, PSUP_centerSquSide0, PSUP_centerSquSide1, PSUP_centerSquSide2, PSUP_centerSquSide3, PSUP_centerUpright0, PSUP_centerUpright1, PSUP_centerUpright10, PSUP_centerUpright11, PSUP_centerUpright12, PSUP_centerUpright13, PSUP_centerUpright14, PSUP_centerUpright15, PSUP_centerUpright2, PSUP_centerUpright3, PSUP_centerUpright4, PSUP_centerUpright5, PSUP_centerUpright6, PSUP_centerUpright7, PSUP_centerUpright8, PSUP_centerUpright9, PSUP_connectSqu0, PSUP_connectSquL0, PSUP_connectSquR0, PSUP_connectSqu1, PSUP_connectSquL1, PSUP_connectSquR1, PSUP_connectSqu2, PSUP_connectSquL2, PSUP_connectSquR2, PSUP_connectSqu3, PSUP_connectSquL3, PSUP_connectSquR3, PSUP_connectSqu4, PSUP_connectSquL4, PSUP_connectSquR4, PSUP_connectSqu5, PSUP_connectSquL5, PSUP_connectSquR5, PSUP_connectSqu6, PSUP_connectSquL6, PSUP_connectSquR6, PSUP_connectSqu7, PSUP_connectSquL7, PSUP_connectSquR7, PSUP_frameBar0_0, PSUP_frameBar10_1, PSUP_frameBar11_1, PSUP_frameBar12_1, PSUP_frameBar13_1, PSUP_frameBar14_1, PSUP_frameBar15_1, PSUP_frameBar1_0, PSUP_frameBar2_0, PSUP_frameBar3_0, PSUP_frameBar4_0, PSUP_frameBar5_0, PSUP_frameBar6_0, PSUP_frameBar7_0, PSUP_frameBar8_1, PSUP_frameBar9_1, PSUP_innerSquSide0, PSUP_innerSquSide1, PSUP_innerSquSide2, PSUP_innerSquSide3, PSUP_innerSquSide4, PSUP_innerSquSide5, PSUP_innerSquSide6, PSUP_innerSquSide7, PSUP_outerSquSide0, PSUP_outerSquSide1, PSUP_outerSquSide2, PSUP_outerSquSide3, PSUP_outerSquSide4, PSUP_outerSquSide5, PSUP_outerSquSide6, PSUP_outerSquSide7, PSUP_sideUpright0, PSUP_sideUpright1, PSUP_sideUpright10, PSUP_sideUpright11, PSUP_sideUpright12, PSUP_sideUpright13, PSUP_sideUpright14, PSUP_sideUpright15, PSUP_sideUpright16, PSUP_sideUpright17, PSUP_sideUpright18, PSUP_sideUpright19, PSUP_sideUpright2, PSUP_sideUpright20, PSUP_sideUpright21, PSUP_sideUpright22, PSUP_sideUpright23, PSUP_sideUpright24, PSUP_sideUpright25, PSUP_sideUpright26, PSUP_sideUpright27, PSUP_sideUpright28, PSUP_sideUpright29, PSUP_sideUpright3, PSUP_sideUpright30, PSUP_sideUpright31, PSUP_sideUpright4, PSUP_sideUpright5, PSUP_sideUpright6, PSUP_sideUpright7, PSUP_sideUpright8, PSUP_sideUpright9, PSUP_topCross0, PSUP_topCross1, PSUP_topCross2, PSUP_topCross3, PSUP_topHorizontal0, PSUP_topHorizontal1, PSUP_topHorizontal10, PSUP_topHorizontal11, PSUP_topHorizontal12, PSUP_topHorizontal13, PSUP_topHorizontal14, PSUP_topHorizontal15, PSUP_topHorizontal2, PSUP_topHorizontal3, PSUP_topHorizontal4, PSUP_topHorizontal5, PSUP_topHorizontal6, PSUP_topHorizontal7, PSUP_topHorizontal8, PSUP_topHorizontal9, PSUP_uprightAssemblies_0, PSUP_uprightAssemblies_1, PSUP_uprightAssemblies_2, PSUP_uprightAssemblies_3, PSUP_uprightAssemblies_4, PSUP_uprightAssemblies_5, PSUP_uprightAssemblies_6, PSUP_uprightAssemblies_7, 
=======================================================================
======                 Electromagnetic Physics Parameters      ========
=======================================================================
LPM effect enabled                                 1
Enable creation and use of sampling tables         0
Apply cuts on all EM processes                     0
Use combined TransportationWithMsc                 Disabled
Use general process                                1
Enable linear polarisation for gamma               0
Enable photoeffect sampling below K-shell          1
Enable sampling of quantum entanglement            0
X-section factor for integral approach             0.8
Min kinetic energy for tables                      100 eV 
Max kinetic energy for tables                      100 TeV
Number of bins per decade of a table               7
Verbose level                                      1
Verbose level for worker thread                    0
Bremsstrahlung energy threshold above which 
  primary e+- is added to the list of secondary    100 TeV
Bremsstrahlung energy threshold above which primary
  muon/hadron is added to the list of secondary    100 TeV
Lowest triplet kinetic energy                      1 MeV
Enable sampling of gamma linear polarisation       0
5D gamma conversion model type                     0
5D gamma conversion model on isolated ion          0
Livermore data directory                           epics_2017
=======================================================================
======                 Ionisation Parameters                   ========
=======================================================================
Step function for e+-                              (0.2, 1 mm)
Step function for muons/hadrons                    (0.01, 0.01 mm)
Step function for light ions                       (0.01, 0.01 mm)
Step function for general ions                     (0.2, 0.1 mm)
Lowest e+e- kinetic energy                         1 keV
Lowest muon/hadron kinetic energy                  1 keV
Use ICRU90 data                                    0
Fluctuations of dE/dx are enabled                  1
Type of fluctuation model for leptons and hadrons  Urban
Use built-in Birks satuaration                     0
Build CSDA range enabled                           0
Use cut as a final range enabled                   0
Enable angular generator interface                 0
Max kinetic energy for CSDA tables                 1 GeV
Max kinetic energy for NIEL computation            0 eV 
Linear loss limit                                  0.01
Read data from file for e+e- pair production by mu 0
=======================================================================
======                 Multiple Scattering Parameters          ========
=======================================================================
Type of msc step limit algorithm for e+-           1
Type of msc step limit algorithm for muons/hadrons 0
Msc lateral displacement for e+- enabled           1
Msc lateral displacement for muons and hadrons     0
Urban msc model lateral displacement alg96         1
Range factor for msc step limit for e+-            0.04
Range factor for msc step limit for muons/hadrons  0.2
Geometry factor for msc step limitation of e+-     2.5
Safety factor for msc step limit for e+-           0.6
Skin parameter for msc step limitation of e+-      1
Lambda limit for msc step limit for e+-            1 mm
Use Mott correction for e- scattering              0
Factor used for dynamic computation of angular 
  limit between single and multiple scattering     1
Fixed angular limit between single 
  and multiple scattering                          3.1416 rad
Upper energy limit for e+- multiple scattering     100 MeV
Type of electron single scattering model           0
Type of nuclear form-factor                        1
Screening factor                                   1
=======================================================================
======                 Atomic Deexcitation Parameters          ========
=======================================================================
Fluorescence enabled                               1
Directory in G4LEDATA for fluorescence data files  fluor
Auger electron cascade enabled                     1
PIXE atomic de-excitation enabled                  0
De-excitation module ignores cuts                  1
Type of PIXE cross section for hadrons             Empirical
Type of PIXE cross section for e+-                 Livermore
=======================================================================

### ===  Deexcitation model UAtomDeexcitation is activated for 2 regions:
          DefaultRegionForTheWorld  1  1  0
          inner_pmts_GLG4_PMTOpticalRegion  1  1  0
### ===  Auger flag: 1
### ===  Ignore cuts flag:   1

phot:  for gamma SubType=12 BuildTable=0
      LambdaPrime table from 200 keV to 100 TeV in 61 bins 
      ===== EM models for the G4Region  DefaultRegionForTheWorld ======
 LivermorePhElectric : Emin=    0 eV  Emax=  100 TeV  SauterGavrila Fluo

compt:  for gamma SubType=13 BuildTable=1
      Lambda table from 100 eV  to 1 MeV, 7 bins/decade, spline: 1
      LambdaPrime table from 1 MeV to 100 TeV in 56 bins 
      ===== EM models for the G4Region  DefaultRegionForTheWorld ======
       Klein-Nishina : Emin=    0 eV  Emax=  100 TeV

conv:  for gamma SubType=14 BuildTable=1
      Lambda table from 1.022 MeV to 100 TeV, 18 bins/decade, spline: 1
      ===== EM models for the G4Region  DefaultRegionForTheWorld ======
     BetheHeitlerLPM : Emin=    0 eV  Emax=  100 TeV  ModifiedTsai

Rayl:  for gamma SubType=11 BuildTable=1
      Lambda table from 100 eV  to 150 keV, 7 bins/decade, spline: 0
      LambdaPrime table from 150 keV to 100 TeV in 62 bins 
      ===== EM models for the G4Region  DefaultRegionForTheWorld ======
   LivermoreRayleigh : Emin=    0 eV  Emax=  100 TeV  CullenGenerator

msc:  for e-  SubType= 10
      ===== EM models for the G4Region  DefaultRegionForTheWorld ======
            UrbanMsc : Emin=    0 eV  Emax=  100 MeV Nbins=42 100 eV  - 100 MeV
          StepLim=UseSafety Rfact=0.04 Gfact=2.5 Sfact=0.6 DispFlag:1 Skin=1 Llim=1 mm
        WentzelVIUni : Emin=  100 MeV Emax=  100 TeV Nbins=42 100 MeV - 100 TeV
          StepLim=UseSafety Rfact=0.04 Gfact=2.5 Sfact=0.6 DispFlag:1 Skin=1 Llim=1 mm

eIoni:  for e-  XStype:3  SubType=2
      dE/dx and range tables from 100 eV  to 100 TeV in 84 bins
      Lambda tables from threshold to 100 TeV, 7 bins/decade, spline: 1
      StepFunction=(0.2, 1 mm), integ: 3, fluct: 1, linLossLim= 0.01
      ===== EM models for the G4Region  DefaultRegionForTheWorld ======
        MollerBhabha : Emin=    0 eV  Emax=  100 TeV

eBrem:  for e-  XStype:4  SubType=3
      dE/dx and range tables from 100 eV  to 100 TeV in 84 bins
      Lambda tables from threshold to 100 TeV, 7 bins/decade, spline: 1
      LPM flag: 1 for E > 1 GeV,  VertexHighEnergyTh(GeV)= 100000
      ===== EM models for the G4Region  DefaultRegionForTheWorld ======
             eBremSB : Emin=    0 eV  Emax=    1 GeV  ModifiedTsai
            eBremLPM : Emin=    1 GeV Emax=  100 TeV  ModifiedTsai

CoulombScat:  for e- XStype:1 SubType=1 BuildTable=1
      Lambda table from 100 MeV to 100 TeV, 7 bins/decade, spline: 0
      ThetaMin(p) < Theta(degree) < 180; pLimit(GeV^1)= 0.139531
      ===== EM models for the G4Region  DefaultRegionForTheWorld ======
  eCoulombScattering : Emin=  100 MeV Emax=  100 TeV

msc:  for e+  SubType= 10
      ===== EM models for the G4Region  DefaultRegionForTheWorld ======
            UrbanMsc : Emin=    0 eV  Emax=  100 MeV Nbins=42 100 eV  - 100 MeV
          StepLim=UseSafety Rfact=0.04 Gfact=2.5 Sfact=0.6 DispFlag:1 Skin=1 Llim=1 mm
        WentzelVIUni : Emin=  100 MeV Emax=  100 TeV Nbins=42 100 MeV - 100 TeV
          StepLim=UseSafety Rfact=0.04 Gfact=2.5 Sfact=0.6 DispFlag:1 Skin=1 Llim=1 mm

eIoni:  for e+  XStype:3  SubType=2
      dE/dx and range tables from 100 eV  to 100 TeV in 84 bins
      Lambda tables from threshold to 100 TeV, 7 bins/decade, spline: 1
      StepFunction=(0.2, 1 mm), integ: 3, fluct: 1, linLossLim= 0.01
      ===== EM models for the G4Region  DefaultRegionForTheWorld ======
        MollerBhabha : Emin=    0 eV  Emax=  100 TeV

eBrem:  for e+  XStype:4  SubType=3
      dE/dx and range tables from 100 eV  to 100 TeV in 84 bins
      Lambda tables from threshold to 100 TeV, 7 bins/decade, spline: 1
      LPM flag: 1 for E > 1 GeV,  VertexHighEnergyTh(GeV)= 100000
      ===== EM models for the G4Region  DefaultRegionForTheWorld ======
             eBremSB : Emin=    0 eV  Emax=    1 GeV  ModifiedTsai
            eBremLPM : Emin=    1 GeV Emax=  100 TeV  ModifiedTsai

annihil:  for e+ XStype:2 SubType=5 BuildTable=0
      ===== EM models for the G4Region  DefaultRegionForTheWorld ======
            eplus2gg : Emin=    0 eV  Emax=  100 TeV

CoulombScat:  for e+ XStype:1 SubType=1 BuildTable=1
      Lambda table from 100 MeV to 100 TeV, 7 bins/decade, spline: 0
      ThetaMin(p) < Theta(degree) < 180; pLimit(GeV^1)= 0.139531
      ===== EM models for the G4Region  DefaultRegionForTheWorld ======
  eCoulombScattering : Emin=  100 MeV Emax=  100 TeV

msc:  for proton  SubType= 10
      ===== EM models for the G4Region  DefaultRegionForTheWorld ======
        WentzelVIUni : Emin=    0 eV  Emax=  100 TeV Nbins=84 100 eV  - 100 TeV
          StepLim=Minimal Rfact=0.2 Gfact=2.5 Sfact=0.6 DispFlag:0 Skin=1 Llim=1 mm

hIoni:  for proton  XStype:3  SubType=2
      dE/dx and range tables from 100 eV  to 100 TeV in 84 bins
      Lambda tables from threshold to 100 TeV, 7 bins/decade, spline: 1
      StepFunction=(0.01, 0.01 mm), integ: 3, fluct: 1, linLossLim= 0.01
      ===== EM models for the G4Region  DefaultRegionForTheWorld ======
               Bragg : Emin=    0 eV  Emax=    2 MeV
          BetheBloch : Emin=    2 MeV Emax=  100 TeV

hBrems:  for proton  XStype:1  SubType=3
      dE/dx and range tables from 100 eV  to 100 TeV in 84 bins
      Lambda tables from threshold to 100 TeV, 7 bins/decade, spline: 1
      ===== EM models for the G4Region  DefaultRegionForTheWorld ======
               hBrem : Emin=    0 eV  Emax=  100 TeV  ModifiedMephi

hPairProd:  for proton  XStype:1  SubType=4
      dE/dx and range tables from 100 eV  to 100 TeV in 84 bins
      Lambda tables from threshold to 100 TeV, 7 bins/decade, spline: 1
      Sampling table 17x1001; from 7.50618 GeV to 100 TeV 
      ===== EM models for the G4Region  DefaultRegionForTheWorld ======
           hPairProd : Emin=    0 eV  Emax=  100 TeV  ModifiedMephi

CoulombScat:  for proton XStype:1 SubType=1 BuildTable=1
      Lambda table from threshold  to 100 TeV, 7 bins/decade, spline: 0
      ThetaMin(p) < Theta(degree) < 180; pLimit(GeV^1)= 0.139531
      ===== EM models for the G4Region  DefaultRegionForTheWorld ======
  eCoulombScattering : Emin=    0 eV  Emax=  100 TeV

msc:  for GenericIon  SubType= 10
      ===== EM models for the G4Region  DefaultRegionForTheWorld ======
            UrbanMsc : Emin=    0 eV  Emax=  100 TeV
          StepLim=Minimal Rfact=0.2 Gfact=2.5 Sfact=0.6 DispFlag:0 Skin=1 Llim=1 mm

ionIoni:  for GenericIon  XStype:3  SubType=2
      dE/dx and range tables from 100 eV  to 100 TeV in 84 bins
      Lambda tables from threshold to 100 TeV, 7 bins/decade, spline: 1
      StepFunction=(0.2, 0.1 mm), integ: 3, fluct: 1, linLossLim= 0.02
      Stopping Power data for 17 ion/material pairs
      ===== EM models for the G4Region  DefaultRegionForTheWorld ======
            BraggIon : Emin=    0 eV  Emax=    2 MeV
          BetheBloch : Emin=    2 MeV Emax=  100 TeV
======================================================================
======          Radioactive Decay Physics Parameters           =======
======================================================================
min MeanLife (from G4NuclideTable)                1 ns 
Max life time (from G4DeexPrecoParameters)        1000 ps 
Internal e- conversion flag                       1
Stored internal conversion coefficients           1
Enabled atomic relaxation mode                    1
Enable correlated gamma emission                  0
Max 2J for sampling of angular correlations       10
Atomic de-excitation enabled                      1
Auger electron emission enabled                   1
Check EM cuts disabled for atomic de-excitation   1
Use Bearden atomic level energies                 0
Use ANSTO fluorescence model                      0
Threshold for very long decay time at rest        3.171e+10 y  
======================================================================

msc:  for alpha  SubType= 10
      ===== EM models for the G4Region  DefaultRegionForTheWorld ======
            UrbanMsc : Emin=    0 eV  Emax=  100 TeV
          StepLim=Minimal Rfact=0.2 Gfact=2.5 Sfact=0.6 DispFlag:0 Skin=1 Llim=1 mm

ionIoni:  for alpha  XStype:3  SubType=2
      dE/dx and range tables from 100 eV  to 100 TeV in 84 bins
      Lambda tables from threshold to 100 TeV, 7 bins/decade, spline: 1
      StepFunction=(0.01, 0.01 mm), integ: 3, fluct: 1, linLossLim= 0.02
      ===== EM models for the G4Region  DefaultRegionForTheWorld ======
            BraggIon : Emin=    0 eV  Emax=7.9452 MeV
          BetheBloch : Emin=7.9452 MeV Emax=  100 TeV

msc:  for anti_proton  SubType= 10
      ===== EM models for the G4Region  DefaultRegionForTheWorld ======
        WentzelVIUni : Emin=    0 eV  Emax=  100 TeV Nbins=84 100 eV  - 100 TeV
          StepLim=Minimal Rfact=0.2 Gfact=2.5 Sfact=0.6 DispFlag:0 Skin=1 Llim=1 mm

hIoni:  for anti_proton  XStype:3  SubType=2
      dE/dx and range tables from 100 eV  to 100 TeV in 84 bins
      Lambda tables from threshold to 100 TeV, 7 bins/decade, spline: 1
      StepFunction=(0.01, 0.01 mm), integ: 3, fluct: 1, linLossLim= 0.01
      ===== EM models for the G4Region  DefaultRegionForTheWorld ======
            ICRU73QO : Emin=    0 eV  Emax=    2 MeV
          BetheBloch : Emin=    2 MeV Emax=  100 TeV

hBrems:  for anti_proton  XStype:1  SubType=3
      dE/dx and range tables from 100 eV  to 100 TeV in 84 bins
      Lambda tables from threshold to 100 TeV, 7 bins/decade, spline: 1
      ===== EM models for the G4Region  DefaultRegionForTheWorld ======
               hBrem : Emin=    0 eV  Emax=  100 TeV  ModifiedMephi

hPairProd:  for anti_proton  XStype:1  SubType=4
      dE/dx and range tables from 100 eV  to 100 TeV in 84 bins
      Lambda tables from threshold to 100 TeV, 7 bins/decade, spline: 1
      Sampling table 17x1001; from 7.50618 GeV to 100 TeV 
      ===== EM models for the G4Region  DefaultRegionForTheWorld ======
           hPairProd : Emin=    0 eV  Emax=  100 TeV  ModifiedMephi

CoulombScat:  for anti_proton XStype:1 SubType=1 BuildTable=1
      Lambda table from threshold  to 100 TeV, 7 bins/decade, spline: 0
      ThetaMin(p) < Theta(degree) < 180; pLimit(GeV^1)= 0.139531
      ===== EM models for the G4Region  DefaultRegionForTheWorld ======
  eCoulombScattering : Emin=    0 eV  Emax=  100 TeV

msc:  for kaon+  SubType= 10
      ===== EM models for the G4Region  DefaultRegionForTheWorld ======
        WentzelVIUni : Emin=    0 eV  Emax=  100 TeV Nbins=84 100 eV  - 100 TeV
          StepLim=Minimal Rfact=0.2 Gfact=2.5 Sfact=0.6 DispFlag:0 Skin=1 Llim=1 mm

hIoni:  for kaon+  XStype:3  SubType=2
      dE/dx and range tables from 100 eV  to 100 TeV in 84 bins
      Lambda tables from threshold to 100 TeV, 7 bins/decade, spline: 1
      StepFunction=(0.01, 0.01 mm), integ: 3, fluct: 1, linLossLim= 0.01
      ===== EM models for the G4Region  DefaultRegionForTheWorld ======
               Bragg : Emin=    0 eV  Emax=1.05231 MeV
          BetheBloch : Emin=1.05231 MeV Emax=  100 TeV

hBrems:  for kaon+  XStype:1  SubType=3
      dE/dx and range tables from 100 eV  to 100 TeV in 84 bins
      Lambda tables from threshold to 100 TeV, 7 bins/decade, spline: 1
      ===== EM models for the G4Region  DefaultRegionForTheWorld ======
               hBrem : Emin=    0 eV  Emax=  100 TeV  ModifiedMephi

hPairProd:  for kaon+  XStype:1  SubType=4
      dE/dx and range tables from 100 eV  to 100 TeV in 84 bins
      Lambda tables from threshold to 100 TeV, 7 bins/decade, spline: 1
      Sampling table 18x1001; from 3.94942 GeV to 100 TeV 
      ===== EM models for the G4Region  DefaultRegionForTheWorld ======
           hPairProd : Emin=    0 eV  Emax=  100 TeV  ModifiedMephi

CoulombScat:  for kaon+ XStype:1 SubType=1 BuildTable=1
      Lambda table from threshold  to 100 TeV, 7 bins/decade, spline: 0
      ThetaMin(p) < Theta(degree) < 180; pLimit(GeV^1)= 0.139531
      ===== EM models for the G4Region  DefaultRegionForTheWorld ======
  eCoulombScattering : Emin=    0 eV  Emax=  100 TeV

msc:  for kaon-  SubType= 10
      ===== EM models for the G4Region  DefaultRegionForTheWorld ======
        WentzelVIUni : Emin=    0 eV  Emax=  100 TeV Nbins=84 100 eV  - 100 TeV
          StepLim=Minimal Rfact=0.2 Gfact=2.5 Sfact=0.6 DispFlag:0 Skin=1 Llim=1 mm

hIoni:  for kaon-  XStype:3  SubType=2
      dE/dx and range tables from 100 eV  to 100 TeV in 84 bins
      Lambda tables from threshold to 100 TeV, 7 bins/decade, spline: 1
      StepFunction=(0.01, 0.01 mm), integ: 3, fluct: 1, linLossLim= 0.01
      ===== EM models for the G4Region  DefaultRegionForTheWorld ======
            ICRU73QO : Emin=    0 eV  Emax=1.05231 MeV
          BetheBloch : Emin=1.05231 MeV Emax=  100 TeV

hBrems:  for kaon-  XStype:1  SubType=3
      dE/dx and range tables from 100 eV  to 100 TeV in 84 bins
      Lambda tables from threshold to 100 TeV, 7 bins/decade, spline: 1
      ===== EM models for the G4Region  DefaultRegionForTheWorld ======
               hBrem : Emin=    0 eV  Emax=  100 TeV  ModifiedMephi

hPairProd:  for kaon-  XStype:1  SubType=4
      dE/dx and range tables from 100 eV  to 100 TeV in 84 bins
      Lambda tables from threshold to 100 TeV, 7 bins/decade, spline: 1
      Sampling table 18x1001; from 3.94942 GeV to 100 TeV 
      ===== EM models for the G4Region  DefaultRegionForTheWorld ======
           hPairProd : Emin=    0 eV  Emax=  100 TeV  ModifiedMephi

CoulombScat:  for kaon- XStype:1 SubType=1 BuildTable=1
      Used Lambda table of kaon+
      ThetaMin(p) < Theta(degree) < 180; pLimit(GeV^1)= 0.139531
      ===== EM models for the G4Region  DefaultRegionForTheWorld ======
  eCoulombScattering : Emin=    0 eV  Emax=  100 TeV

msc:  for mu+  SubType= 10
      ===== EM models for the G4Region  DefaultRegionForTheWorld ======
        WentzelVIUni : Emin=    0 eV  Emax=  100 TeV Nbins=84 100 eV  - 100 TeV
          StepLim=Minimal Rfact=0.2 Gfact=2.5 Sfact=0.6 DispFlag:0 Skin=1 Llim=1 mm

muIoni:  for mu+  XStype:3  SubType=2
      dE/dx and range tables from 100 eV  to 100 TeV in 84 bins
      Lambda tables from threshold to 100 TeV, 7 bins/decade, spline: 1
      StepFunction=(0.01, 0.01 mm), integ: 3, fluct: 1, linLossLim= 0.01
      ===== EM models for the G4Region  DefaultRegionForTheWorld ======
               Bragg : Emin=    0 eV  Emax=  200 keV
        MuBetheBloch : Emin=  200 keV Emax=  100 TeV

muBrems:  for mu+  XStype:1  SubType=3
      dE/dx and range tables from 100 eV  to 100 TeV in 84 bins
      Lambda tables from threshold to 100 TeV, 7 bins/decade, spline: 1
      ===== EM models for the G4Region  DefaultRegionForTheWorld ======
              MuBrem : Emin=    0 eV  Emax=  100 TeV  ModifiedMephi

muPairProd:  for mu+  XStype:1  SubType=4
      dE/dx and range tables from 100 eV  to 100 TeV in 84 bins
      Lambda tables from threshold to 100 TeV, 7 bins/decade, spline: 1
      Sampling table 21x1001; from 0.85 GeV to 100 TeV 
      ===== EM models for the G4Region  DefaultRegionForTheWorld ======
          muPairProd : Emin=    0 eV  Emax=  100 TeV  ModifiedMephi

CoulombScat:  for mu+ XStype:1 SubType=1 BuildTable=1
      Lambda table from threshold  to 100 TeV, 7 bins/decade, spline: 0
      ThetaMin(p) < Theta(degree) < 180; pLimit(GeV^1)= 0.139531
      ===== EM models for the G4Region  DefaultRegionForTheWorld ======
  eCoulombScattering : Emin=    0 eV  Emax=  100 TeV

msc:  for mu-  SubType= 10
      ===== EM models for the G4Region  DefaultRegionForTheWorld ======
        WentzelVIUni : Emin=    0 eV  Emax=  100 TeV Nbins=84 100 eV  - 100 TeV
          StepLim=Minimal Rfact=0.2 Gfact=2.5 Sfact=0.6 DispFlag:0 Skin=1 Llim=1 mm

muIoni:  for mu-  XStype:3  SubType=2
      dE/dx and range tables from 100 eV  to 100 TeV in 84 bins
      Lambda tables from threshold to 100 TeV, 7 bins/decade, spline: 1
      StepFunction=(0.01, 0.01 mm), integ: 3, fluct: 1, linLossLim= 0.01
      ===== EM models for the G4Region  DefaultRegionForTheWorld ======
            ICRU73QO : Emin=    0 eV  Emax=  200 keV
        MuBetheBloch : Emin=  200 keV Emax=  100 TeV

muBrems:  for mu-  XStype:1  SubType=3
      dE/dx and range tables from 100 eV  to 100 TeV in 84 bins
      Lambda tables from threshold to 100 TeV, 7 bins/decade, spline: 1
      ===== EM models for the G4Region  DefaultRegionForTheWorld ======
              MuBrem : Emin=    0 eV  Emax=  100 TeV  ModifiedMephi

muPairProd:  for mu-  XStype:1  SubType=4
      dE/dx and range tables from 100 eV  to 100 TeV in 84 bins
      Lambda tables from threshold to 100 TeV, 7 bins/decade, spline: 1
      Sampling table 21x1001; from 0.85 GeV to 100 TeV 
      ===== EM models for the G4Region  DefaultRegionForTheWorld ======
          muPairProd : Emin=    0 eV  Emax=  100 TeV  ModifiedMephi

CoulombScat:  for mu- XStype:1 SubType=1 BuildTable=1
      Used Lambda table of mu+
      ThetaMin(p) < Theta(degree) < 180; pLimit(GeV^1)= 0.139531
      ===== EM models for the G4Region  DefaultRegionForTheWorld ======
  eCoulombScattering : Emin=    0 eV  Emax=  100 TeV
NeutronHP: /Capture file for Z = 6, A = 12 is not found and NeutronHP will use /home/ph1lse/ratpac-setup/local/share/Geant4/data/G4NDL4.7/Capture/CrossSection/6_nat_Carbon
NeutronHP: /Elastic file for Z = 6, A = 12 is not found and NeutronHP will use /home/ph1lse/ratpac-setup/local/share/Geant4/data/G4NDL4.7/Elastic/CrossSection/6_nat_Carbon
NeutronHP: /Inelastic file for Z = 6, A = 12 is not found and NeutronHP will use /home/ph1lse/ratpac-setup/local/share/Geant4/data/G4NDL4.7/Inelastic/CrossSection/6_nat_Carbon

Neutron HP Thermal Scattering Data: Following material-element pairs and/or elements are registered.

NeutronHP: /Elastic file for Z = 6, A = 12 is not found and NeutronHP will use /home/ph1lse/ratpac-setup/local/share/Geant4/data/G4NDL4.7/Elastic/CrossSection/6_nat_Carbon

Neutron HP Thermal Scattering: Following material-element pairs or elements are registered.


Neutron HP Thermal Scattering Data: Following material-element pairs and/or elements are registered.


=======================================================
======       ParticleHP Physics Parameters     ========
=======================================================
 UseOnlyPhotoEvaporation ? 0
 SkipMissingIsotopes ?     0
 NeglectDoppler ?          0
 DoNotAdjustFinalState ?   0
 ProduceFissionFragments ? 1
 UseWendtFissionModel ?    0
 UseNRESP71Model ?         0
=======================================================

@@@ G4ParticleHPInelastic instantiated for particle neutron data directory variable is G4NEUTRONHPDATA pointing to /home/ph1lse/ratpac-setup/local/share/Geant4/data/G4NDL4.7/Inelastic
NeutronHP: /Capture file for Z = 6, A = 12 is not found and NeutronHP will use /home/ph1lse/ratpac-setup/local/share/Geant4/data/G4NDL4.7/Capture/CrossSection/6_nat_Carbon

msc:  for pi+  SubType= 10
      ===== EM models for the G4Region  DefaultRegionForTheWorld ======
        WentzelVIUni : Emin=    0 eV  Emax=  100 TeV Nbins=84 100 eV  - 100 TeV
          StepLim=Minimal Rfact=0.2 Gfact=2.5 Sfact=0.6 DispFlag:0 Skin=1 Llim=1 mm

hIoni:  for pi+  XStype:3  SubType=2
      dE/dx and range tables from 100 eV  to 100 TeV in 84 bins
      Lambda tables from threshold to 100 TeV, 7 bins/decade, spline: 1
      StepFunction=(0.01, 0.01 mm), integ: 3, fluct: 1, linLossLim= 0.01
      ===== EM models for the G4Region  DefaultRegionForTheWorld ======
               Bragg : Emin=    0 eV  Emax=297.505 keV
          BetheBloch : Emin=297.505 keV Emax=  100 TeV

hBrems:  for pi+  XStype:1  SubType=3
      dE/dx and range tables from 100 eV  to 100 TeV in 84 bins
      Lambda tables from threshold to 100 TeV, 7 bins/decade, spline: 1
      ===== EM models for the G4Region  DefaultRegionForTheWorld ======
               hBrem : Emin=    0 eV  Emax=  100 TeV  ModifiedMephi

hPairProd:  for pi+  XStype:1  SubType=4
      dE/dx and range tables from 100 eV  to 100 TeV in 84 bins
      Lambda tables from threshold to 100 TeV, 7 bins/decade, spline: 1
      Sampling table 20x1001; from 1.11656 GeV to 100 TeV 
      ===== EM models for the G4Region  DefaultRegionForTheWorld ======
           hPairProd : Emin=    0 eV  Emax=  100 TeV  ModifiedMephi

CoulombScat:  for pi+ XStype:1 SubType=1 BuildTable=1
      Lambda table from threshold  to 100 TeV, 7 bins/decade, spline: 0
      ThetaMin(p) < Theta(degree) < 180; pLimit(GeV^1)= 0.139531
      ===== EM models for the G4Region  DefaultRegionForTheWorld ======
  eCoulombScattering : Emin=    0 eV  Emax=  100 TeV

msc:  for pi-  SubType= 10
      ===== EM models for the G4Region  DefaultRegionForTheWorld ======
        WentzelVIUni : Emin=    0 eV  Emax=  100 TeV Nbins=84 100 eV  - 100 TeV
          StepLim=Minimal Rfact=0.2 Gfact=2.5 Sfact=0.6 DispFlag:0 Skin=1 Llim=1 mm

hIoni:  for pi-  XStype:3  SubType=2
      dE/dx and range tables from 100 eV  to 100 TeV in 84 bins
      Lambda tables from threshold to 100 TeV, 7 bins/decade, spline: 1
      StepFunction=(0.01, 0.01 mm), integ: 3, fluct: 1, linLossLim= 0.01
      ===== EM models for the G4Region  DefaultRegionForTheWorld ======
            ICRU73QO : Emin=    0 eV  Emax=297.505 keV
          BetheBloch : Emin=297.505 keV Emax=  100 TeV

hBrems:  for pi-  XStype:1  SubType=3
      dE/dx and range tables from 100 eV  to 100 TeV in 84 bins
      Lambda tables from threshold to 100 TeV, 7 bins/decade, spline: 1
      ===== EM models for the G4Region  DefaultRegionForTheWorld ======
               hBrem : Emin=    0 eV  Emax=  100 TeV  ModifiedMephi

hPairProd:  for pi-  XStype:1  SubType=4
      dE/dx and range tables from 100 eV  to 100 TeV in 84 bins
      Lambda tables from threshold to 100 TeV, 7 bins/decade, spline: 1
      Sampling table 20x1001; from 1.11656 GeV to 100 TeV 
      ===== EM models for the G4Region  DefaultRegionForTheWorld ======
           hPairProd : Emin=    0 eV  Emax=  100 TeV  ModifiedMephi

CoulombScat:  for pi- XStype:1 SubType=1 BuildTable=1
      Used Lambda table of pi+
      ThetaMin(p) < Theta(degree) < 180; pLimit(GeV^1)= 0.139531
      ===== EM models for the G4Region  DefaultRegionForTheWorld ======
  eCoulombScattering : Emin=    0 eV  Emax=  100 TeV
======================================================================
======          Radioactive Decay Physics Parameters           =======
======================================================================
min MeanLife (from G4NuclideTable)                1 ns 
Max life time (from G4DeexPrecoParameters)        1000 ps 
Internal e- conversion flag                       1
Stored internal conversion coefficients           1
Enabled atomic relaxation mode                    1
Enable correlated gamma emission                  0
Max 2J for sampling of angular correlations       10
Atomic de-excitation enabled                      1
Auger electron emission enabled                   1
Check EM cuts disabled for atomic de-excitation   1
Use Bearden atomic level energies                 0
Use ANSTO fluorescence model                      0
Threshold for very long decay time at rest        3.171e+10 y  
======================================================================

====================================================================
                  HADRONIC PROCESSES SUMMARY (verbose level 1)

---------------------------------------------------
                           Hadronic Processes for B-

  Process: hadElastic
        Model:              hElasticLHEP: 0 eV  ---> 100 TeV
     Cr_sctns:            Glauber-Gribov: 0 eV  ---> 100 TeV


  Process: B-Inelastic
        Model:                      FTFP: 0 eV  ---> 100 TeV
     Cr_sctns:            Glauber-Gribov: 0 eV  ---> 100 TeV


---------------------------------------------------
                           Hadronic Processes for D-

  Process: hadElastic
        Model:              hElasticLHEP: 0 eV  ---> 100 TeV
     Cr_sctns:            Glauber-Gribov: 0 eV  ---> 100 TeV


  Process: D-Inelastic
        Model:                      FTFP: 0 eV  ---> 100 TeV
     Cr_sctns:            Glauber-Gribov: 0 eV  ---> 100 TeV


---------------------------------------------------
                           Hadronic Processes for GenericIon

  Process: ionElastic
        Model:          NNDiffuseElastic: 0 eV /n ---> 100 TeV/n
     Cr_sctns:  Glauber-Gribov Nucl-nucl: 0 eV  ---> 25.6 PeV


  Process: ionInelastic
        Model:  Binary Light Ion Cascade: 0 eV /n ---> 110 MeV/n
        Model:                  QMDModel: 100 MeV/n ---> 6 GeV/n
        Model:                      FTFP: 5.99 GeV/n ---> 100 TeV/n
     Cr_sctns:  Glauber-Gribov Nucl-nucl: 0 eV  ---> 25.6 PeV


  Process: RadioactiveDecay

  Process: RadioactiveDecay

---------------------------------------------------
                           Hadronic Processes for He3

  Process: hadElastic
        Model:              hElasticLHEP: 0 eV /n ---> 100 TeV/n
     Cr_sctns:  Glauber-Gribov Nucl-nucl: 0 eV  ---> 25.6 PeV


  Process: He3Inelastic
        Model:  Binary Light Ion Cascade: 0 eV /n ---> 110 MeV/n
        Model:                  QMDModel: 100 MeV/n ---> 6 GeV/n
        Model:                      FTFP: 5.99 GeV/n ---> 100 TeV/n
     Cr_sctns:  Glauber-Gribov Nucl-nucl: 0 eV  ---> 25.6 PeV


---------------------------------------------------
                           Hadronic Processes for alpha

  Process: hadElastic
        Model:              hElasticLHEP: 0 eV /n ---> 100 TeV/n
     Cr_sctns:  Glauber-Gribov Nucl-nucl: 0 eV  ---> 25.6 PeV


  Process: alphaInelastic
        Model:  Binary Light Ion Cascade: 0 eV /n ---> 110 MeV/n
        Model:                  QMDModel: 100 MeV/n ---> 6 GeV/n
        Model:                      FTFP: 5.99 GeV/n ---> 100 TeV/n
     Cr_sctns:  Glauber-Gribov Nucl-nucl: 0 eV  ---> 25.6 PeV


---------------------------------------------------
                           Hadronic Processes for anti_He3

  Process: hadElastic
        Model:              hElasticLHEP: 0 eV /n ---> 100.1 MeV/n
        Model:              AntiAElastic: 100 MeV/n ---> 100 TeV/n
     Cr_sctns:              AntiAGlauber: 0 eV  ---> 25.6 PeV


  Process: anti_He3Inelastic
        Model:                      FTFP: 0 eV /n ---> 100 TeV/n
     Cr_sctns:              AntiAGlauber: 0 eV  ---> 25.6 PeV


  Process: hFritiofCaptureAtRest

---------------------------------------------------
                           Hadronic Processes for anti_alpha

  Process: hadElastic
        Model:              hElasticLHEP: 0 eV /n ---> 100.1 MeV/n
        Model:              AntiAElastic: 100 MeV/n ---> 100 TeV/n
     Cr_sctns:              AntiAGlauber: 0 eV  ---> 25.6 PeV


  Process: anti_alphaInelastic
        Model:                      FTFP: 0 eV /n ---> 100 TeV/n
     Cr_sctns:              AntiAGlauber: 0 eV  ---> 25.6 PeV


  Process: hFritiofCaptureAtRest

---------------------------------------------------
                           Hadronic Processes for anti_deuteron

  Process: hadElastic
        Model:              hElasticLHEP: 0 eV /n ---> 100.1 MeV/n
        Model:              AntiAElastic: 100 MeV/n ---> 100 TeV/n
     Cr_sctns:              AntiAGlauber: 0 eV  ---> 25.6 PeV


  Process: anti_deuteronInelastic
        Model:                      FTFP: 0 eV /n ---> 100 TeV/n
     Cr_sctns:              AntiAGlauber: 0 eV  ---> 25.6 PeV


  Process: hFritiofCaptureAtRest

---------------------------------------------------
                           Hadronic Processes for anti_hypertriton

  Process: hFritiofCaptureAtRest

---------------------------------------------------
                           Hadronic Processes for anti_lambda

  Process: hadElastic
        Model:              hElasticLHEP: 0 eV  ---> 100 TeV
     Cr_sctns:            Glauber-Gribov: 0 eV  ---> 100 TeV


  Process: anti_lambdaInelastic
        Model:                      FTFP: 0 eV  ---> 100 TeV
     Cr_sctns:            Glauber-Gribov: 0 eV  ---> 100 TeV


  Process: hFritiofCaptureAtRest

---------------------------------------------------
                           Hadronic Processes for anti_neutron

  Process: hadElastic
        Model:              hElasticLHEP: 0 eV  ---> 100.1 MeV
        Model:              AntiAElastic: 100 MeV ---> 100 TeV
     Cr_sctns:              AntiAGlauber: 0 eV  ---> 25.6 PeV


  Process: anti_neutronInelastic
        Model:                      FTFP: 0 eV  ---> 100 TeV
     Cr_sctns:              AntiAGlauber: 0 eV  ---> 25.6 PeV


  Process: hFritiofCaptureAtRest

---------------------------------------------------
                           Hadronic Processes for anti_proton

  Process: hadElastic
        Model:              hElasticLHEP: 0 eV  ---> 100.1 MeV
        Model:              AntiAElastic: 100 MeV ---> 100 TeV
     Cr_sctns:              AntiAGlauber: 0 eV  ---> 25.6 PeV


  Process: anti_protonInelastic
        Model:                      FTFP: 0 eV  ---> 100 TeV
     Cr_sctns:              AntiAGlauber: 0 eV  ---> 25.6 PeV


  Process: hFritiofCaptureAtRest

---------------------------------------------------
                           Hadronic Processes for anti_triton

  Process: hadElastic
        Model:              hElasticLHEP: 0 eV /n ---> 100.1 MeV/n
        Model:              AntiAElastic: 100 MeV/n ---> 100 TeV/n
     Cr_sctns:              AntiAGlauber: 0 eV  ---> 25.6 PeV


  Process: anti_tritonInelastic
        Model:                      FTFP: 0 eV /n ---> 100 TeV/n
     Cr_sctns:              AntiAGlauber: 0 eV  ---> 25.6 PeV


  Process: hFritiofCaptureAtRest

---------------------------------------------------
                           Hadronic Processes for deuteron

  Process: hadElastic
        Model:              hElasticLHEP: 0 eV /n ---> 100 TeV/n
     Cr_sctns:  Glauber-Gribov Nucl-nucl: 0 eV  ---> 25.6 PeV


  Process: dInelastic
        Model:  Binary Light Ion Cascade: 0 eV /n ---> 110 MeV/n
        Model:                  QMDModel: 100 MeV/n ---> 6 GeV/n
        Model:                      FTFP: 5.99 GeV/n ---> 100 TeV/n
     Cr_sctns:  Glauber-Gribov Nucl-nucl: 0 eV  ---> 25.6 PeV


---------------------------------------------------
                           Hadronic Processes for e+

  Process: positronNuclear
        Model:   G4ElectroVDNuclearModel: 0 eV  ---> 1 PeV
     Cr_sctns:          ElectroNuclearXS: 0 eV  ---> 100 TeV


---------------------------------------------------
                           Hadronic Processes for e-

  Process: electronNuclear
        Model:   G4ElectroVDNuclearModel: 0 eV  ---> 1 PeV
     Cr_sctns:          ElectroNuclearXS: 0 eV  ---> 100 TeV


---------------------------------------------------
                           Hadronic Processes for gamma

  Process: photonNuclear
        Model:               GammaNPreco: 0 eV  ---> 200 MeV
        Model:            BertiniCascade: 199 MeV ---> 6 GeV
        Model:           TheoFSGenerator: 3 GeV ---> 100 TeV
     Cr_sctns:            GammaNuclearXS: 0 eV  ---> 100 TeV


---------------------------------------------------
                           Hadronic Processes for kaon+

  Process: hadElastic
        Model:              hElasticLHEP: 0 eV  ---> 100 TeV
     Cr_sctns:            Glauber-Gribov: 0 eV  ---> 100 TeV


  Process: kaon+Inelastic
        Model:                      FTFP: 3 GeV ---> 100 TeV
        Model:            BertiniCascade: 0 eV  ---> 6 GeV
     Cr_sctns:            Glauber-Gribov: 0 eV  ---> 100 TeV


---------------------------------------------------
                           Hadronic Processes for kaon-

  Process: hadElastic
        Model:              hElasticLHEP: 0 eV  ---> 100 TeV
     Cr_sctns:            Glauber-Gribov: 0 eV  ---> 100 TeV


  Process: kaon-Inelastic
        Model:                      FTFP: 3 GeV ---> 100 TeV
        Model:            BertiniCascade: 0 eV  ---> 6 GeV
     Cr_sctns:            Glauber-Gribov: 0 eV  ---> 100 TeV


  Process: hBertiniCaptureAtRest

---------------------------------------------------
                           Hadronic Processes for lambda

  Process: hadElastic
        Model:              hElasticLHEP: 0 eV  ---> 100 TeV
     Cr_sctns:            Glauber-Gribov: 0 eV  ---> 100 TeV


  Process: lambdaInelastic
        Model:                      FTFP: 3 GeV ---> 100 TeV
        Model:            BertiniCascade: 0 eV  ---> 6 GeV
     Cr_sctns:            Glauber-Gribov: 0 eV  ---> 100 TeV


---------------------------------------------------
                           Hadronic Processes for mu+

  Process: muonNuclear
        Model:      G4MuonVDNuclearModel: 0 eV  ---> 1 PeV
     Cr_sctns:     KokoulinMuonNuclearXS: 0 eV  ---> 100 TeV


---------------------------------------------------
                           Hadronic Processes for mu-

  Process: muonNuclear
        Model:      G4MuonVDNuclearModel: 0 eV  ---> 1 PeV
     Cr_sctns:     KokoulinMuonNuclearXS: 0 eV  ---> 100 TeV


  Process: muMinusCaptureAtRest

---------------------------------------------------
                           Hadronic Processes for neutron

  Process: hadElastic
        Model:             hElasticCHIPS: 19.5 MeV ---> 100 TeV
        Model:          NeutronHPElastic: 4 eV  ---> 20 MeV
        Model: NeutronHPThermalScattering: 0 eV  ---> 4 eV 
     Cr_sctns: NeutronHPThermalScatteringData: 0 eV  ---> 4 eV 

     Cr_sctns:        NeutronHPElasticXS: 0 eV  ---> 20 MeV

     Cr_sctns:        G4NeutronElasticXS: 0 eV  ---> 100 TeV


  Process: neutronInelastic
        Model:                      FTFP: 3 GeV ---> 100 TeV
        Model:            BertiniCascade: 19.9 MeV ---> 6 GeV
        Model:        NeutronHPInelastic: 0 eV  ---> 20 MeV
     Cr_sctns:      NeutronHPInelasticXS: 0 eV  ---> 20 MeV

     Cr_sctns: JENDLHEInelasticCrossSection: 0 eV  ---> 100 TeV

     Cr_sctns:      G4NeutronInelasticXS: 0 eV  ---> 100 TeV


  Process: nCapture
        Model:          NeutronHPCapture: 0 eV  ---> 20 MeV
        Model:               nRadCapture: 19.9 MeV ---> 100 TeV
     Cr_sctns:        NeutronHPCaptureXS: 0 eV  ---> 20 MeV

     Cr_sctns:        G4NeutronCaptureXS: 0 eV  ---> 100 TeV


  Process: nFission
        Model:          NeutronHPFission: 0 eV  ---> 20 MeV
        Model:                G4LFission: 19.9 MeV ---> 100 TeV
     Cr_sctns:        NeutronHPFissionXS: 0 eV  ---> 20 MeV

     Cr_sctns:                    ZeroXS: 0 eV  ---> 100 TeV


---------------------------------------------------
                           Hadronic Processes for pi+

  Process: hadElastic
        Model:           hElasticGlauber: 0 eV  ---> 100 TeV
     Cr_sctns:  BarashenkovGlauberGribov: 0 eV  ---> 100 TeV


  Process: pi+Inelastic
        Model:                      FTFP: 3 GeV ---> 100 TeV
        Model:            BertiniCascade: 0 eV  ---> 6 GeV
     Cr_sctns:  BarashenkovGlauberGribov: 0 eV  ---> 100 TeV


---------------------------------------------------
                           Hadronic Processes for pi-

  Process: hadElastic
        Model:           hElasticGlauber: 0 eV  ---> 100 TeV
     Cr_sctns:  BarashenkovGlauberGribov: 0 eV  ---> 100 TeV


  Process: pi-Inelastic
        Model:                      FTFP: 3 GeV ---> 100 TeV
        Model:            BertiniCascade: 0 eV  ---> 6 GeV
     Cr_sctns:  BarashenkovGlauberGribov: 0 eV  ---> 100 TeV


  Process: hBertiniCaptureAtRest

---------------------------------------------------
                           Hadronic Processes for proton

  Process: hadElastic
        Model:             hElasticCHIPS: 0 eV  ---> 100 TeV
     Cr_sctns:  BarashenkovGlauberGribov: 0 eV  ---> 100 TeV


  Process: protonInelastic
        Model:                      FTFP: 3 GeV ---> 100 TeV
        Model:            BertiniCascade: 0 eV  ---> 6 GeV
     Cr_sctns:  BarashenkovGlauberGribov: 0 eV  ---> 100 TeV


---------------------------------------------------
                           Hadronic Processes for sigma-

  Process: hadElastic
        Model:              hElasticLHEP: 0 eV  ---> 100 TeV
     Cr_sctns:            Glauber-Gribov: 0 eV  ---> 100 TeV


  Process: sigma-Inelastic
        Model:                      FTFP: 3 GeV ---> 100 TeV
        Model:            BertiniCascade: 0 eV  ---> 6 GeV
     Cr_sctns:            Glauber-Gribov: 0 eV  ---> 100 TeV


  Process: hBertiniCaptureAtRest

---------------------------------------------------
                           Hadronic Processes for triton

  Process: hadElastic
        Model:              hElasticLHEP: 0 eV /n ---> 100 TeV/n
     Cr_sctns:  Glauber-Gribov Nucl-nucl: 0 eV  ---> 25.6 PeV


  Process: tInelastic
        Model:  Binary Light Ion Cascade: 0 eV /n ---> 110 MeV/n
        Model:                  QMDModel: 100 MeV/n ---> 6 GeV/n
        Model:                      FTFP: 5.99 GeV/n ---> 100 TeV/n
     Cr_sctns:  Glauber-Gribov Nucl-nucl: 0 eV  ---> 25.6 PeV


================================================================
=======================================================================
======       Pre-compound/De-excitation Physics Parameters     ========
=======================================================================
Type of pre-compound inverse x-section              3
Pre-compound model active                           1
Pre-compound excitation low energy                  100 keV
Pre-compound excitation high energy                 30 MeV
Type of de-excitation inverse x-section             3
Type of de-excitation factory                       Evaporation+GEM
Number of de-excitation channels                    68
Min excitation energy                               10 eV 
Min energy per nucleon for multifragmentation       200 GeV
Limit excitation energy for Fermi BreakUp           20 MeV
Level density (1/MeV)                               0.075
Use simple level density model                      1
Use discrete excitation energy of the residual      1
Time limit for long lived isomeres                  1000 ps 
Isomer production flag                              1
Internal e- conversion flag                         1
Store e- internal conversion data                   1
Correlated gamma emission flag                      0
Max 2J for sampling of angular correlations         10
=======================================================================
Gsim: Simulating run 1
Gsim: Run start at Wed, 19 Feb 2025 17:43:01 +0000 (GMT) +831158000 nsec
Cable offset table not found! Looking for table cable_offset[]
Charge Scale table not found! Looking for table charge_scale[]
Channel online table not found! Looking for table channel_online[]
PDFPMTTime: Setting up PDF PMTTime model for r7081pe
PDFPMTCharge: Setting up PDF PMTCharge model for r7081pe
CountProc: Event 200 (4 triggered events)
CountProc: Event 400 (9 triggered events)
CountProc: Event 600 (13 triggered events)
CountProc: Event 800 (17 triggered events)
CountProc: Event 1000 (21 triggered events)
CountProc: Event 1200 (29 triggered events)
CountProc: Event 1400 (36 triggered events)
CountProc: Event 1600 (43 triggered events)
CountProc: Event 1800 (47 triggered events)
CountProc: Event 2000 (52 triggered events)
CountProc: Event 2200 (60 triggered events)
CountProc: Event 2400 (64 triggered events)
CountProc: Event 2600 (68 triggered events)
CountProc: Event 2800 (70 triggered events)
CountProc: Event 3000 (74 triggered events)
CountProc: Event 3200 (80 triggered events)
CountProc: Event 3400 (87 triggered events)
CountProc: Event 3600 (91 triggered events)
CountProc: Event 3800 (99 triggered events)
CountProc: Event 4000 (102 triggered events)
CountProc: Event 4200 (106 triggered events)
CountProc: Event 4400 (113 triggered events)
CountProc: Event 4600 (119 triggered events)
CountProc: Event 4800 (120 triggered events)
CountProc: Event 5000 (128 triggered events)
CountProc: Event 5200 (132 triggered events)
CountProc: Event 5400 (140 triggered events)
CountProc: Event 5600 (146 triggered events)
CountProc: Event 5800 (150 triggered events)
CountProc: Event 6000 (156 triggered events)
CountProc: Event 6200 (161 triggered events)
CountProc: Event 6400 (165 triggered events)
CountProc: Event 6600 (173 triggered events)
CountProc: Event 6800 (181 triggered events)
CountProc: Event 7000 (183 triggered events)
CountProc: Event 7200 (190 triggered events)
CountProc: Event 7400 (194 triggered events)
CountProc: Event 7600 (198 triggered events)
CountProc: Event 7800 (202 triggered events)
CountProc: Event 8000 (205 triggered events)
CountProc: Event 8200 (212 triggered events)
CountProc: Event 8400 (219 triggered events)
CountProc: Event 8600 (225 triggered events)
CountProc: Event 8800 (234 triggered events)
CountProc: Event 9000 (238 triggered events)
CountProc: Event 9200 (244 triggered events)
CountProc: Event 9400 (252 triggered events)
CountProc: Event 9600 (257 triggered events)
CountProc: Event 9800 (262 triggered events)
CountProc: Event 10000 (269 triggered events)
CountProc: Event 10200 (277 triggered events)
CountProc: Event 10400 (284 triggered events)
CountProc: Event 10600 (292 triggered events)
CountProc: Event 10800 (303 triggered events)
CountProc: Event 11000 (309 triggered events)
CountProc: Event 11200 (320 triggered events)
CountProc: Event 11400 (332 triggered events)
CountProc: Event 11600 (334 triggered events)
CountProc: Event 11800 (344 triggered events)
CountProc: Event 12000 (350 triggered events)
CountProc: Event 12200 (359 triggered events)
CountProc: Event 12400 (367 triggered events)
CountProc: Event 12600 (373 triggered events)
CountProc: Event 12800 (376 triggered events)
CountProc: Event 13000 (379 triggered events)
CountProc: Event 13200 (386 triggered events)
CountProc: Event 13400 (391 triggered events)
CountProc: Event 13600 (396 triggered events)
CountProc: Event 13800 (403 triggered events)
CountProc: Event 14000 (411 triggered events)
CountProc: Event 14200 (418 triggered events)
CountProc: Event 14400 (424 triggered events)
CountProc: Event 14600 (428 triggered events)
CountProc: Event 14800 (437 triggered events)
CountProc: Event 15000 (441 triggered events)
CountProc: Event 15200 (447 triggered events)
CountProc: Event 15400 (454 triggered events)
CountProc: Event 15600 (457 triggered events)
CountProc: Event 15800 (467 triggered events)
CountProc: Event 16000 (472 triggered events)
CountProc: Event 16200 (474 triggered events)
CountProc: Event 16400 (484 triggered events)
CountProc: Event 16600 (490 triggered events)
CountProc: Event 16800 (497 triggered events)
CountProc: Event 17000 (499 triggered events)
CountProc: Event 17200 (503 triggered events)
CountProc: Event 17400 (511 triggered events)
CountProc: Event 17600 (514 triggered events)
CountProc: Event 17800 (517 triggered events)
CountProc: Event 18000 (521 triggered events)
CountProc: Event 18200 (529 triggered events)
CountProc: Event 18400 (533 triggered events)
CountProc: Event 18600 (539 triggered events)
CountProc: Event 18800 (540 triggered events)
CountProc: Event 19000 (544 triggered events)
CountProc: Event 19200 (553 triggered events)
CountProc: Event 19400 (560 triggered events)
CountProc: Event 19600 (569 triggered events)
CountProc: Event 19800 (572 triggered events)
CountProc: Event 20000 (577 triggered events)
CountProc: Event 20200 (581 triggered events)
CountProc: Event 20400 (586 triggered events)
CountProc: Event 20600 (594 triggered events)
CountProc: Event 20800 (602 triggered events)
CountProc: Event 21000 (605 triggered events)
CountProc: Event 21200 (610 triggered events)
CountProc: Event 21400 (617 triggered events)
CountProc: Event 21600 (623 triggered events)
CountProc: Event 21800 (631 triggered events)
CountProc: Event 22000 (637 triggered events)
CountProc: Event 22200 (641 triggered events)
CountProc: Event 22400 (644 triggered events)
CountProc: Event 22600 (653 triggered events)
CountProc: Event 22800 (659 triggered events)
CountProc: Event 23000 (663 triggered events)
CountProc: Event 23200 (665 triggered events)
CountProc: Event 23400 (670 triggered events)
CountProc: Event 23600 (674 triggered events)
CountProc: Event 23800 (681 triggered events)
CountProc: Event 24000 (689 triggered events)
CountProc: Event 24200 (690 triggered events)
CountProc: Event 24400 (695 triggered events)
CountProc: Event 24600 (701 triggered events)
CountProc: Event 24800 (706 triggered events)
CountProc: Event 25000 (716 triggered events)
CountProc: Event 25200 (718 triggered events)
CountProc: Event 25400 (726 triggered events)
CountProc: Event 25600 (731 triggered events)
CountProc: Event 25800 (738 triggered events)
Terminating since Ctrl-C (SIGINT) caught...
Processor usage statistics
--------------------------
             Event source: 0.001 sec/event
            lesssimpledaq: 0.000 sec/event
                   bonsai: 0.000 sec/event
                    count: 0.000 sec/event
                outntuple: 0.000 sec/event
--------------------------
Total: 0.001 sec/event

CountProc: Total # of events 25887 (739 triggered events)
Graphics systems deleted.
Visualization Manager deleting...
WARNING - Attempt to delete the solid store while geometry closed !
WARNING - Attempt to delete the logical volume store while geometry closed !
WARNING - Attempt to delete the physical volume store while geometry closed !
WARNING - Attempt to delete the region store while geometry closed !
